url_detail_id,scrapped_day,title,opening_date,closing_date,source,is_alert,location,tipo,reference,organization
https://jobs.giz.de/index.php?ac=jobad&id=66754,24/03/2023,Communications Intern (m/f/d) - Climate Tech Start-Up Programmes,2023-03-24,2023-04-10,GIZ,False,Eschborn,,,
https://jobs.giz.de/index.php?ac=jobad&id=66759,24/03/2023,Praktikant*in im Fach- und Methodenbereich - Schwerpunkt Just Transition,2023-03-24,2023-04-07,GIZ,False,Eschborn,,,
https://jobs.giz.de/index.php?ac=jobad&id=66761,24/03/2023,"Praktikant*in im Kompetenzcenter Bildung, Berufliche Bildung und Arbeitsmarkt",2023-03-24,2023-04-07,GIZ,False,Eschborn,,,
https://jobs.giz.de/index.php?ac=jobad&id=66753,24/03/2023,Praktikant*in im Regionalvorhaben „Reguläre Arbeitsmigration und -mobilität zwischen Nordafrika und Europa“,2023-03-24,2023-04-10,GIZ,False,Hamburg,,,
https://jobs.giz.de/index.php?ac=jobad&id=66757,24/03/2023,"Praktikant*in für das Sektorvorhaben „Finanzsystementwicklung, nachhaltige Finanzierung und Investitionen“",2023-03-24,2023-04-10,GIZ,False,Eschborn,,,
https://jobs.giz.de/index.php?ac=jobad&id=66756,24/03/2023,"Praktikant*in im Themenmanagement der Abteilung Wirtschaft, Soziales, Digitalisierung",2023-03-24,2023-04-10,GIZ,False,Bonn,,,
https://jobs.giz.de/index.php?ac=jobad&id=66760,24/03/2023,Praktikant*in Datenschutz im Data Helpdesk,2023-03-24,2023-04-07,GIZ,False,Eschborn,,,
https://jobs.giz.de/index.php?ac=jobad&id=66762,24/03/2023,Praktikant*in Öffentlichkeitsarbeit,2023-03-24,2023-04-07,GIZ,False,Eschborn,,,
https://jobs.giz.de/index.php?ac=jobad&id=66311,24/03/2023,Fachkraft im Zivilen Friedensdienst (ZFD) für psychosoziale Beratung,2023-03-23,2023-04-19,GIZ,True,Guatemala Stadt,,,
https://jobs.giz.de/index.php?ac=jobad&id=66740,24/03/2023,Praktikant*in in der Gruppe Risikomanagement –  IT-Projekt „Integriertes Risikomanagement“,2023-03-23,2023-04-06,GIZ,False,Eschborn,,,
https://jobs.giz.de/index.php?ac=jobad&id=66257,24/03/2023,Spezialist*in für Kommunikation für Sozial-ökologische Wirtschaftstransformation und Finanzsystementwicklung,2023-03-23,2023-04-23,GIZ,False,Eschborn,,,
https://jobs.giz.de/index.php?ac=jobad&id=65915,24/03/2023,Entwicklungshelfer*in im Bereich Milchwirtschaft,2023-03-23,2023-04-19,GIZ,False,Niamey,,,
https://jobs.giz.de/index.php?ac=jobad&id=66732,24/03/2023,Praktikant*in im Sektorvorhaben Menschenrechte überregional,2023-03-23,2023-04-06,GIZ,False,Bonn,,,
https://jobs.giz.de/index.php?ac=jobad&id=66741,24/03/2023,Praktikant*in Politikdialog und Wissensmanagement zu Klimaschutzstrategien,2023-03-23,2023-04-06,GIZ,False,Berlin,,,
https://jobs.giz.de/index.php?ac=jobad&id=66727,24/03/2023,Praktikant*in im Bereich Gleichstellung,2023-03-23,2023-04-06,GIZ,False,Bonn,,,
https://jobs.giz.de/index.php?ac=jobad&id=66673,24/03/2023,Sachbearbeiter*in im Rollen- und Berechtigungsmanagement,2023-03-23,2023-04-16,GIZ,False,Eschborn,,,
https://jobs.giz.de/index.php?ac=jobad&id=59884,24/03/2023,IT-Berater*in  für IT-Sicherheitskoordination,2023-03-23,2023-04-10,GIZ,False,Eschborn,,,
https://jobs.giz.de/index.php?ac=jobad&id=66389,24/03/2023,Assistant au développement dans le secteur laitier,2023-03-23,2023-04-19,GIZ,False,Niamey,,,
https://jobs.giz.de/index.php?ac=jobad&id=66729,24/03/2023,Praktikant*in im Sektorvorhaben Vereinte Nationen,2023-03-23,2023-04-06,GIZ,False,Bonn,,,
https://jobs.giz.de/index.php?ac=jobad&id=66699,24/03/2023,"Praktikant*in im Bereich Auftraggeber und Geschäftsentwicklung (AGE) Abteilungsleitung Auftraggeber (50%), Verbindungsbüro BMUV, BMEL, IKI (50%)",2023-03-22,2023-04-05,GIZ,False,Berlin,,,
https://iadbcareers.referrals.selectminds.com/jobs/fiduciary-management-consultant-4983,24/03/2023,Fiduciary Management Consultant,"Mar 24, 2023","Mar 31, 2023",IDB,False,Belize - Country Office,,,
https://iadbcareers.referrals.selectminds.com/jobs/resource-mobilization-division-chief-office-of-outreach-and-partnerships-orp-washington-d-c-4982,24/03/2023,"Resource Mobilization Division Chief - Office of Outreach and Partnerships (ORP) Washington, D.C.","Mar 24, 2023","Apr 7, 2023",IDB,False,"Washington DC, United States - Headquarters",,,
https://iadbcareers.referrals.selectminds.com/jobs/development-effectiveness-consultant-4981,24/03/2023,Development Effectiveness Consultant,"Mar 24, 2023","Apr 22, 2023",IDB,False,"Washington DC, United States - Headquarters",,,
https://iadbcareers.referrals.selectminds.com/jobs/%E2%80%9Cconsultor-de-apoyo-al-programa-nacional-de-residuos-s%C3%B3lidos-de-la-subsecretar%C3%ADa-de-desarrollo-regional-y-administrativo-subdere-en-chile%E2%80%9D-4945,24/03/2023,“Consultor de Apoyo al Programa Nacional de Residuos Sólidos de la Subsecretaría de Desarrollo Regional y Administrativo (SUBDERE) en Chile”,"Mar 10, 2023","Mar 27, 2023",IDB,False,Chile - Country Office,,,
https://iadbcareers.referrals.selectminds.com/jobs/integration-and-trade-sector-project-assistant-consultant-4978,24/03/2023,Integration and Trade Sector Project Assistant Consultant,"Mar 22, 2023","Mar 29, 2023",IDB,False,"Washington DC, United States - Headquarters",,,
https://www.oecd.org/callsfortenders/OECD RFQ_649 - Summary.pdf,24/03/2023,Open and Innovative Governance Consultants,17.03.2023,17.04.2023 6.00 pm (Paris time),OECD,False,,RFQ_649,,
https://www.oecd.org/callsfortenders/OECD RFQ_648 - Summary.pdf,24/03/2023,Service provider for the collection of nationally representative survey responses,20.03.2023,17.04.2023 6.00 pm (Paris time),OECD,False,,RFQ_648,,
https://www.oecd.org/callsfortenders/OECD - Summary RFQ 650.pdf,24/03/2023,Layout and type setting of country profiles,17.03.2023,17.04.2023 6.00 pm (Paris time),OECD,False,,RFQ_650,,
https://www.oecd.org/callsfortenders/Server EoI.pdf,24/03/2023,"Servers, Storage and Associated Services",16.03.2023,30.03.2023 5.00 pm (Paris time),OECD,False,,,,
https://www.oecd.org/callsfortenders/RFQ_646_WEB.pdf,24/03/2023,Maintenance of the canopy glass ceiling,06.03.2023,30.03.2023 2.00 pm (Paris time),OECD,False,,RFQ_646,,
https://www.oecd.org/callsfortenders/RFQ_645_WEB.pdf,24/03/2023,Fire Safety Systems Coordination,,30.03.2023 2.00 pm (Paris time),OECD,False,,RFQ_645,,
https://www.oecd.org/callsfortenders/RFQ_644_WEB.pdf,24/03/2023,Audio Visual services,06.03.2023,03.04.2023 2.00 pm (Paris time),OECD,False,,RFQ_644,,
https://www.oecd.org/callsfortenders/RFI.pdf,24/03/2023,Request for Information on the Common Transmission System (CTS),13.02.2023,27.03.2023 6.00 pm (Paris time),OECD,False,,,,
https://jobs.giz.de/index.php?ac=jobad&id=66720,24/03/2023,Praktikant (m/w/d) im Globalvorhaben Transformation der Ernährungssysteme,2023-03-22,2023-04-05,GIZ,False,Bonn,,,
https://jobs.giz.de/index.php?ac=jobad&id=63771,24/03/2023,IT-Systemadministrator*in mit Aufgaben der Anwendungsbetreuung im Web-Umfeld,2023-03-22,2023-04-05,GIZ,False,Eschborn,,,
https://jobs.giz.de/index.php?ac=jobad&id=66722,24/03/2023,Praktikant (m/w/d) in Projekt für entwaldungsfreie Agrarlieferketten,2023-03-22,2023-04-05,GIZ,False,Bonn,,,
https://jobs.giz.de/index.php?ac=jobad&id=64452,24/03/2023,HR Data Specialist (m/f/d) im SAP Change Projekt,2023-03-21,2023-04-18,GIZ,False,Eschborn,,,
https://jobs.giz.de/index.php?ac=jobad&id=66690,24/03/2023,Praktikant*in – Agentur für Wirtschaft & Entwicklung / develoPPP-Programmkommunikation,2023-03-21,2023-04-04,GIZ,False,Eschborn,,,
https://jobs.giz.de/index.php?ac=jobad&id=66678,24/03/2023,"Junior-Spezialist*in Monitoring, Evaluierung und Kommunikation im Vorhaben Verbesserung der Ernährungssicherung zur Stärkung der Resilienz im Jemen",2023-03-21,2023-04-03,GIZ,False,Eschborn,,,
https://jobs.giz.de/index.php?ac=jobad&id=66433,24/03/2023,Specialist (m/f/d) Strategic Partner Management for eLearning platform atingi,2023-03-21,2023-04-18,GIZ,False,Bonn,,,
https://jobs.giz.de/index.php?ac=jobad&id=66696,24/03/2023,Personalsachbearbeiter*in in der Gruppe Personalbetreuung,2023-03-21,2023-04-05,GIZ,False,Eschborn,,,
https://jobs.giz.de/index.php?ac=jobad&id=66685,24/03/2023,Internship with Energising Development (EnDev) in Malawi,2023-03-21,2023-04-04,GIZ,True,Lilongwe,,,
https://jobs.giz.de/index.php?ac=jobad&id=66681,24/03/2023,Berater*in für lokale Steuerpolitik und Steuerverwaltung,2023-03-21,2023-04-12,GIZ,False,Rabat,,,
https://jobs.giz.de/index.php?ac=jobad&id=66683,24/03/2023,"Junior-Berater*in Erneuerbare Energie, Wasserstoff und Speichertechnologien",2023-03-21,2023-03-27,GIZ,False,Santo Domingo,,,
https://jobs.giz.de/index.php?ac=jobad&id=66687,24/03/2023,Civil Peace Service (CPS) Advisor (m/f/d) for environmental Peacebuilding and organisational development,2023-03-21,2023-04-23,GIZ,False,Beirut,,,
https://jobs.giz.de/index.php?ac=jobad&id=66182,24/03/2023,Entwicklungshelfer*in für ein Berufsbildungszentrum im Bereich Anlagenmechanik,2023-03-21,2023-04-04,GIZ,False,Trang Bom,,,
https://jobs.giz.de/index.php?ac=jobad&id=66183,24/03/2023,"Development worker (m/f/d) in the field of Sanitary, Heating and Climate Technology",2023-03-21,2023-04-04,GIZ,True,Trang Bom,,,
https://jobs.giz.de/index.php?ac=jobad&id=66688,24/03/2023,Praktikant*in Kommunikation / Gender / Veranstaltungsmanagement im Globalvorhaben „Bilaterale Energiepartnerschaften“ der Bundesregierung,2023-03-21,2023-04-04,GIZ,False,Berlin,,,
https://jobs.giz.de/index.php?ac=jobad&id=66691,24/03/2023,Intern (m/f/d) at the BMM Programme in Brussels,2023-03-21,2023-04-04,GIZ,False,Bruxelles,,,
https://jobs.giz.de/index.php?ac=jobad&id=66692,24/03/2023,Intern (m/f/d) for the German contribution in urban mobility to EUROCLIMA in Latin America,2023-03-21,2023-04-04,GIZ,False,Bruxelles,,,
https://jobs.giz.de/index.php?ac=jobad&id=66684,24/03/2023,Praktikant*in im Sektorvorhaben 'Beschäftigungsförderung in der Entwicklungszusammenarbeit',2023-03-21,2023-04-04,GIZ,False,Eschborn,,,
https://jobs.giz.de/index.php?ac=jobad&id=66393,24/03/2023,Advisor (m/f/d) Carbon Markets for Energy Access,2023-03-20,2023-04-16,GIZ,False,Eschborn,,,
https://jobs.giz.de/index.php?ac=jobad&id=65466,24/03/2023,Praktikant*in Internationales HR Management,2023-03-20,2023-04-02,GIZ,False,Eschborn,,,
https://jobs.giz.de/index.php?ac=jobad&id=64516,24/03/2023,Fachplaner*in für agrarbasierte ländliche Entwicklung und Klima,2023-03-20,2023-04-10,GIZ,False,Eschborn,,,
https://jobs.giz.de/index.php?ac=jobad&id=66658,24/03/2023,Team Leader (m/f/d) Technical Assistance to support the Tajik national authorities to perform the EU TVET and Employment Sector Reform Programme Contract,2023-03-17,2023-04-17,GIZ,False,Duschanbe,,,
https://jobs.giz.de/index.php?ac=jobad&id=66652,24/03/2023,Office-Manager*in mit anteiligen Verwaltungssachbearbeitungs-Aufgaben im Vorhaben Monitoring und Analyse von Stabilisierungskontexten,2023-03-17,2023-03-30,GIZ,False,Bonn,,,
https://jobs.giz.de/index.php?ac=jobad&id=66649,24/03/2023,Praktikant*in im Globalvorhaben „Initiative Ressourceneffizienz und Klimaschutz (IREK) II“,2023-03-17,2023-03-31,GIZ,False,Berlin,,,
https://jobs.giz.de/index.php?ac=jobad&id=66338,24/03/2023,Praktikant*in in der Gruppe Informationssicherheitsmanagement,2023-03-17,2023-03-31,GIZ,False,Eschborn,,,
https://jobs.giz.de/index.php?ac=jobad&id=66614,24/03/2023,Berater*in zu Meeresschutz im Sektorvorhaben „Biodiversität-Umwelt-Meere“,2023-03-17,2023-03-30,GIZ,False,Bonn,,,
https://jobs.giz.de/index.php?ac=jobad&id=65976,24/03/2023,Spezialist*in SAP Basisadministration,2023-03-17,2023-04-23,GIZ,False,Bonn,,,
https://jobs.giz.de/index.php?ac=jobad&id=66252,24/03/2023,Junior-Spezialist*in Datenschutzmanagement,2023-03-17,2023-04-10,GIZ,False,Eschborn,,,
https://jobs.giz.de/index.php?ac=jobad&id=66662,24/03/2023,Expert (m/f/d) Sector Policy Financing,2023-03-17,2023-04-17,GIZ,False,Duschanbe,,,
https://jobs.giz.de/index.php?ac=jobad&id=66660,24/03/2023,Expert (m/f/d) Public Finance Management Reforms,2023-03-17,2023-04-17,GIZ,False,Duschanbe,,,
https://www.ungm.org/Public/Notice/195818,24/03/2023,Contratação de serviços de CDN (rede de entrega e distribuição),24-Mar-2023,24-Apr-2023 14:32 (GMT -4.00),ungm,False,United States of America,Request for EOI,CDE/OF 313/TC 112/REQ23-00003871/PS,
https://www.ungm.org/Public/Notice/195814,24/03/2023,FOURNITURE D'OVIN ET VOLAILLE,24-Mar-2023,07-Apr-2023 12:00 (GMT 1.00),ungm,False,Niger,Invitation to bid,2023/FRNER/FRNER/121221,
https://www.ungm.org/Public/Notice/195787,24/03/2023,Provision of cleaning supplies from 15-May-2023 to 15-May-2024,24-Mar-2023,11-Apr-2023 12:00 (GMT 3.00),ungm,False,Lebanon,Invitation to bid,ITB# GD/002/2023,
https://www.ungm.org/Public/Notice/195782,24/03/2023,2023/138 -  Solar Tunnel Drier,24-Mar-2023,29-Mar-2023 12:00 (GMT 3.00),ungm,False,Kenya,Invitation to bid,2023/FRKEN/FRKEN/121355,
https://www.ungm.org/Public/Notice/195777,24/03/2023,Procurement of Water Testing Kits (23/098R),24-Mar-2023,31-Mar-2023 12:00 (GMT 3.00),ungm,False,Somalia,Invitation to bid,2023/FRSOM/FRSOM/121354,
https://www.ungm.org/Public/Notice/195791,24/03/2023,Consultancy services to support Large Scale Food Fortification programming in ESARO Countries.,24-Mar-2023,06-Apr-2023 23:59 (GMT 3.00),ungm,False,Kenya,Request for proposal,LRFP-2023-9181751,
https://www.ungm.org/Public/Notice/195774,24/03/2023,"RELAUNCH ITB :  DRILLING OF 5 MULTI- PURPOSE SOLAR POWERED BOREHOLE AT AWEIL, MABAN, JUBA, RUMBEK AND KUAJOK IN  SOUTH SUDAN",24-Mar-2023,03-Apr-2023 12:00 (GMT 2.00),ungm,False,South Sudan,Invitation to bid,2023/FRSSD/FRSSD/121353,
https://www.ungm.org/Public/Notice/195766,24/03/2023,UNICEF Uganda is seeking a  for services for construction OF WASH FACILITIES IN SCHOOLS - KARAMOJA,24-Mar-2023,14-Apr-2023 10:30 (GMT 3.00),ungm,False,Uganda,Request for proposal,LRFPS -9181747-2023 KOICA,
https://www.ungm.org/Public/Notice/195775,24/03/2023,REPUBLICATION-ACQUISITION SYSTEME SOLAIRE,24-Mar-2023,05-Apr-2023 11:00 (GMT 1.00),ungm,False,"Congo, The Democratic Republic of the",Invitation to bid,LITB 2023 â 9181380,
https://www.ungm.org/Public/Notice/195767,24/03/2023,"Re-tender: Procurement of fertilizers, FAO Tajikistan",24-Mar-2023,30-Mar-2023 14:00 (GMT 5.00),ungm,False,Tajikistan,Request for quotation,2023/FETAJ/FETAJ/121351,
https://www.ungm.org/Public/Notice/195759,24/03/2023,Rice Seed Fine OPV (23-280),24-Mar-2023,06-Apr-2023 23:59 (GMT 5.00),ungm,False,Pakistan,Invitation to bid,2023/FAPAK/FAPAK/121348,
https://www.ungm.org/Public/Notice/195756,24/03/2023,Establishment of Long-Term Agreement for Various Laboratory Equipment to Philippines,24-Mar-2023,10-Apr-2023 05:30 (GMT 0.00),ungm,False,Philippines,Invitation to bid,ITB/2023/45964,
https://www.ungm.org/Public/Notice/193742,24/03/2023,UNICEF Uganda is seeking a potential company to offer Services to support Baseline and End line assessment of the Lego Foundation Braille bricks pilot project,24-Mar-2023,24-Mar-2023 14:30 (GMT 3.00),ungm,False,Uganda,Request for proposal,LRPS-2023-9181330,
https://www.ungm.org/Public/Notice/195749,24/03/2023,Invitation to Bid for Printing Service -  GAP Training Materials (Handbooks and Training Manual) GCP/MYA/027/GAF,24-Mar-2023,09-Apr-2023 23:00 (GMT 6.30),ungm,False,Myanmar,Invitation to bid,2023/FAMYA/FAMYA/121268,
https://www.ungm.org/Public/Notice/195798,24/03/2023,Multiple tender opportunities - UNICEF's WASH products and supplies - year 2023,24-Mar-2023,31-Dec-2023 23:59 (GMT 1.00),ungm,False,Multiple destinations,Request for EOI,SD/WSEC/WASH/2023 tender calendar,
https://www.ungm.org/Public/Notice/192116,24/03/2023,UNDP-COL-00245 PRC0003150  ITB Provisión de Servicios de transporte,24-Mar-2023,28-Apr-2023 17:00 (GMT -4.00),ungm,False,Colombia,Invitation to bid,"UNDP-COL-00245,1",
https://www.ungm.org/Public/Notice/193758,24/03/2023,"Producción de spot de televisión, digital y radio para DRTV",24-Mar-2023,14-Apr-2023 13:00 (GMT -3.00),ungm,False,Chile,Request for proposal,CLE 158/2022,
https://www.ungm.org/Public/Notice/194329,24/03/2023,UNDP-SLV-00086 OACNUDH SdP Estrategias Reparacion de Victimas,24-Mar-2023,14-Apr-2023 19:53 (GMT -4.00),ungm,False,El Salvador,Request for proposal,UNDP-SLV-00086,
https://www.ungm.org/Public/Notice/195748,24/03/2023,UNDP-PER-00094 - Adq. Herramientas y Equipos de Refrigeración,24-Mar-2023,21-Apr-2023 18:00 (GMT -4.00),ungm,False,Peru,Request for quotation,UNDP-PER-00094,
https://www.ungm.org/Public/Notice/195757,24/03/2023,Report writer for the Pacific Health Ministers Meeting,24-Mar-2023,28-May-2023 23:59 (GMT 8.00),ungm,True,Fiji,Request for proposal,WPRO/2023-03/PIC_FJI/195757,
https://www.ungm.org/Public/Notice/195758,24/03/2023,Editor for the Pacific Health Ministers Meeting,24-Mar-2023,28-Apr-2023 23:59 (GMT 8.00),ungm,True,Philippines,Request for proposal,WPRO/2023-03/PIC_FJI/195758,
https://www.ungm.org/Public/Notice/195760,24/03/2023,To digitalize training/teaching package for pre-service medical education on Comprehensive Abortion Care,24-Mar-2023,08-May-2023 23:00 (GMT 5.30),ungm,False,India,Request for proposal,FGL/0006/2023,
https://www.ungm.org/Public/Notice/195772,24/03/2023,Re-Invitation of RFQ for Travel Management & Vehicle Rental Services,24-Mar-2023,17-Apr-2023 07:15 (GMT -4.00),ungm,False,Nepal,Request for quotation,UNDP-NPL-00078,
https://www.ungm.org/Public/Notice/195788,24/03/2023,Multiple tender opportunities - UNICEF's Education products and supplies - year 2023,24-Mar-2023,31-Dec-2023 23:59 (GMT 1.00),ungm,False,Multiple destinations,Request for EOI,Generic announcement,
https://www.ungm.org/Public/Notice/195803,24/03/2023,Provision of specialized vehicles in support of IAEA's programme in Ukraine,24-Mar-2023,17-Apr-2023 17:00 (GMT 1.00),ungm,False,Ukraine,Request for quotation,623830,
https://www.ungm.org/Public/Notice/195804,24/03/2023,,24-Mar-2023,14-Apr-2023 14:00 (GMT 0.00),ungm,False,Bosnia and Herzegovina,Request for proposal,RFP 003/2023 International,
https://www.ungm.org/Public/Notice/195817,24/03/2023,Supporting publication and dissemination of 13/18 publication on best practices on CRVS,24-Mar-2023,17-Apr-2023 13:00 (GMT 1.00),ungm,False,United States of America,Request for quotation,RFQ Nº UNFPA/USA/RFQ/23/024,
https://www.ungm.org/Public/Notice/195837,24/03/2023,Technical assistance to Panama to strengthen and implement a comprehensive system to improve the quality of education,24-Mar-2023,17-Apr-2023 19:00 (GMT -3.00),ungm,False,Panama,Grant support-call for proposal,STG/2023/IPA/LLECE/001,
https://www.ungm.org/Public/Notice/195842,24/03/2023,Construction cost and risk management contractor for the renovation of the WHO P5/P6 car parks,24-Mar-2023,18-Apr-2023 16:00 (GMT 1.00),ungm,False,Switzerland,Request for EOI,ISS 1/23,
https://www.ungm.org/Public/Notice/195851,24/03/2023,AVIS AUX BUREAUX DâETUDES DU SECTEUR BTP (BE HIMO Routes),24-Mar-2023,17-Apr-2023 15:00 (GMT 3.00),ungm,False,Madagascar,Not set,HIMO BE 2023,
https://jobs.unops.org/Pages/ViewVacancy/VADetails.aspx?id=25622,24/03/2023,"Infrastructure Climate Adaptation Senior Analyst , Multiple positions",20-Mar-2023,17-Apr-2023,unops,False,Home based,,,
https://jobs.unops.org/Pages/ViewVacancy/VADetails.aspx?id=25645,24/03/2023,"Climate Mitigation Senior Analyst (Retainer, Multiple position), Multiple positions",20-Mar-2023,17-Apr-2023,unops,False,Home based,,,
https://jobs.unops.org/Pages/ViewVacancy/VADetails.aspx?id=25646,24/03/2023,"Climate Adaptation Advisor (Retainer, Multiple position), Multiple positions",20-Mar-2023,17-Apr-2023,unops,False,Home based,,,
https://jobs.unops.org/Pages/ViewVacancy/VADetails.aspx?id=25647,24/03/2023,"Climate Mitigation Advisor (Retainer, Multiple positions), Multiple positions",20-Mar-2023,17-Apr-2023,unops,False,Home based,,,
https://jobs.unops.org/Pages/ViewVacancy/VADetails.aspx?id=25713,24/03/2023,HR Communications and Planning Specialist,23-Mar-2023,13-Apr-2023,unops,False,"Copenhagen, Denmark",,,
https://jobs.unops.org/Pages/ViewVacancy/VADetails.aspx?id=25682,24/03/2023,Operations Specialist - EOD Equipment Mechanic,22-Mar-2023,10-Apr-2023,unops,False,"Gao, Mali",,,
https://jobs.unops.org/Pages/ViewVacancy/VADetails.aspx?id=25680,24/03/2023,"Capacity Building Officer for Licensing of Civil Society Organisations (two retainer positions), Multiple positions",20-Mar-2023,09-Apr-2023,unops,False,Home based,,,
https://jobs.unops.org/Pages/ViewVacancy/VADetails.aspx?id=25681,24/03/2023,"Capacity Building Officer for Inter-municipal Cooperation for provision of Social Protection Services (two retainer positions), Multiple positions",20-Mar-2023,09-Apr-2023,unops,False,Home based,,,
https://jobs.unops.org/Pages/ViewVacancy/VADetails.aspx?id=25703,24/03/2023,Técnico/a de Ingeniería Biomédica - Asociado/a (equipamiento e insumos médicos),24-Mar-2023,09-Apr-2023,unops,True,"Managua, Nicaragua, Nicaragua",,,
https://jobs.unops.org/Pages/ViewVacancy/VADetails.aspx?id=25704,24/03/2023,Apoyo a la gestión de proyectos - Asociado/a,24-Mar-2023,09-Apr-2023,unops,True,"Managua, Nicaragua, Nicaragua",,,
https://jobs.unops.org/Pages/ViewVacancy/VADetails.aspx?id=25673,24/03/2023,"Project Management Support  Senior Assistant (two regular positions), Multiple positions",17-Mar-2023,09-Apr-2023,unops,False,Multiple,,,
https://jobs.unops.org/Pages/ViewVacancy/VADetails.aspx?id=25718,24/03/2023,Procurement Analyst UN Web Buy Operations (internal candidates only),24-Mar-2023,09-Apr-2023,unops,False,"Copenhagen, Denmark",,,
https://jobs.unops.org/Pages/ViewVacancy/VADetails.aspx?id=25710,24/03/2023,Responsable de Arquitectura (Vacante Temporal Cobertura de Licencia),23-Mar-2023,09-Apr-2023,unops,True,"Ciudad de Guatemala, Guatemala",,,
https://jobs.unops.org/Pages/ViewVacancy/VADetails.aspx?id=25728,24/03/2023,Liaison Officer (Retainer),24-Mar-2023,07-Apr-2023,unops,True,"New Delhi, India",,,
https://jobs.unops.org/Pages/ViewVacancy/VADetails.aspx?id=25730,24/03/2023,Administrative/Travel Assistant (Retainer),24-Mar-2023,07-Apr-2023,unops,False,Home based,,,
https://jobs.unops.org/Pages/ViewVacancy/VADetails.aspx?id=25733,24/03/2023,Procurement Officer,24-Mar-2023,07-Apr-2023,unops,False,Home based,,,
https://jobs.unops.org/Pages/ViewVacancy/VADetails.aspx?id=25726,24/03/2023,Driver,24-Mar-2023,06-Apr-2023,unops,False,East Jerusalem,,,
https://jobs.unops.org/Pages/ViewVacancy/VADetails.aspx?id=25670,24/03/2023,Programme Manager,17-Mar-2023,06-Apr-2023,unops,True,"Bangkok, Thailand",,,
https://jobs.unops.org/Pages/ViewVacancy/VADetails.aspx?id=25684,24/03/2023,Monitoring and Evaluation Officer,22-Mar-2023,06-Apr-2023,unops,True,"Sana'a, Yemen",,,
https://jobs.unops.org/Pages/ViewVacancy/VADetails.aspx?id=25618,24/03/2023,Project Management Support Specialist (Cash for work),22-Mar-2023,06-Apr-2023,unops,True,"Pemba, Mozambique",,,
https://jobs.unops.org/Pages/ViewVacancy/VADetails.aspx?id=24682,24/03/2023,Journaliste Radio,26-Sep-2022,06-Apr-2023,unops,False,"Kinshasa , Democratic Republic of the Congo",,,
https://jobs.unops.org/Pages/ViewVacancy/VADetails.aspx?id=24689,24/03/2023,Chargé.e des Média Sociaux,26-Sep-2022,06-Apr-2023,unops,False,"Kinshasa, Democratic Republic of the Congo",,,
https://jobs.unops.org/Pages/ViewVacancy/VADetails.aspx?id=25706,24/03/2023,HR Senior Assistant (Maternity Cover),22-Mar-2023,05-Apr-2023,unops,False,"Islamabad, Pakistan",,,
https://jobs.unops.org/Pages/ViewVacancy/VADetails.aspx?id=25707,24/03/2023,Head of Global Programmes & Markets,22-Mar-2023,05-Apr-2023,unops,False,"Geneva, Switzerland",,,
https://jobs.unops.org/Pages/ViewVacancy/VADetails.aspx?id=25675,24/03/2023,Project Management Support - Associate,22-Mar-2023,05-Apr-2023,unops,True,"Manila, Philippines",,,
https://jobs.unops.org/Pages/ViewVacancy/VADetails.aspx?id=25659,24/03/2023,Senior Project Manager,16-Mar-2023,04-Apr-2023,unops,True,"Tunis, Tunisia",,,
https://jobs.unops.org/Pages/ViewVacancy/VADetails.aspx?id=25708,24/03/2023,Communications Officer,22-Mar-2023,04-Apr-2023,unops,False,"Bangkok, Thailand",,,
https://jobs.unops.org/Pages/ViewVacancy/VADetails.aspx?id=25698,24/03/2023,ICT Associate,21-Mar-2023,04-Apr-2023,unops,False,"Colombo, Sri Lanka",,,
https://jobs.unops.org/Pages/ViewVacancy/VADetails.aspx?id=25701,24/03/2023,HR Senior Associate,22-Mar-2023,04-Apr-2023,unops,False,"Kyiv, Ukraine",,,
https://jobs.unops.org/Pages/ViewVacancy/VADetails.aspx?id=25525,24/03/2023,Programme Management Support Officer - Climate Finance,17-Feb-2023,04-Apr-2023,unops,False,"Suva, Fiji",,,
https://jobs.unops.org/Pages/ViewVacancy/VADetails.aspx?id=25608,24/03/2023,Senior Project Manager (Agricultural Development),06-Mar-2023,03-Apr-2023,unops,False,"Antananarivo, Madagascar",,,
https://jobs.unops.org/Pages/ViewVacancy/VADetails.aspx?id=25685,24/03/2023,Community Engagement Assistant (Field Coordinator),20-Mar-2023,03-Apr-2023,unops,False,"Multiple, Jordan",,,
https://jobs.unops.org/Pages/ViewVacancy/VADetails.aspx?id=25690,24/03/2023,"Quality Assurance Specialist (Retainer, Roster), Multiple positions",21-Mar-2023,03-Apr-2023,unops,True,Home based,,,
https://jobs.unops.org/Pages/ViewVacancy/VADetails.aspx?id=25691,24/03/2023,Administrative Assistant (Logistics),20-Mar-2023,03-Apr-2023,unops,True,"Sana'a, Yemen",,,
https://jobs.unops.org/Pages/ViewVacancy/VADetails.aspx?id=25692,24/03/2023,Administrative Assistant (Logistics),20-Mar-2023,03-Apr-2023,unops,True,"Aden, Yemen",,,
https://jobs.unops.org/Pages/ViewVacancy/VADetails.aspx?id=25693,24/03/2023,Project Management Support  Associate (Maternity Cover),20-Mar-2023,03-Apr-2023,unops,False,Multiple,,,
https://jobs.unops.org/Pages/ViewVacancy/VADetails.aspx?id=25696,24/03/2023,Legal Advisor (retainer),20-Mar-2023,03-Apr-2023,unops,False,Home based,,,
https://jobs.unops.org/Pages/ViewVacancy/VADetails.aspx?id=25657,24/03/2023,"Procurement Senior Analyst - Business Development, UN Web Buy Plus (internal candidates only)",20-Mar-2023,03-Apr-2023,unops,False,"Copenhagen, Denmark",,,
https://jobs.unops.org/Pages/ViewVacancy/VADetails.aspx?id=25658,24/03/2023,Project Management Office (PMO) Specialist,17-Mar-2023,02-Apr-2023,unops,False,"Islamabad, Pakistan",,,
https://jobs.unops.org/Pages/ViewVacancy/VADetails.aspx?id=25678,24/03/2023,Senior Associate Civil Engineer,20-Mar-2023,02-Apr-2023,unops,False,East Jerusalem,,,
https://jobs.unops.org/Pages/ViewVacancy/VADetails.aspx?id=25674,24/03/2023,ICT Senior Manager  Web Services,17-Mar-2023,02-Apr-2023,unops,False,"New York, United States of America",,,
https://jobs.unops.org/Pages/ViewVacancy/VADetails.aspx?id=25679,24/03/2023,"Associate Construction Management Engineer, Multiple positions",17-Mar-2023,31-Mar-2023,unops,False,Multiple,,,
https://jobs.unops.org/Pages/ViewVacancy/VADetails.aspx?id=25676,24/03/2023,Associate Architect,17-Mar-2023,31-Mar-2023,unops,False,"Tashkent, Uzbekistan",,,
https://jobs.unops.org/Pages/ViewVacancy/VADetails.aspx?id=25677,24/03/2023,Procurement Senior Associate,17-Mar-2023,31-Mar-2023,unops,False,"Antananarivo, Madagascar",,,
https://jobs.unops.org/Pages/ViewVacancy/VADetails.aspx?id=25639,24/03/2023,Human Resources Senior Officer,13-Mar-2023,31-Mar-2023,unops,False,"Bangui (Non Family Duty Station), Central African Republic",,,
https://jobs.unops.org/Pages/ViewVacancy/VADetails.aspx?id=25667,24/03/2023,"Asistente Sénior de Servicios de Apoyo _Proyectos, Multiple positions",17-Mar-2023,31-Mar-2023,unops,True,"Managua, Nicaragua, Nicaragua",,,
https://jobs.unops.org/Pages/ViewVacancy/VADetails.aspx?id=25619,24/03/2023,Senior Programme Manager (Multiple Positions),07-Mar-2023,31-Mar-2023,unops,False,Multiple,,,
https://jobs.unops.org/Pages/ViewVacancy/VADetails.aspx?id=25582,24/03/2023,Diversity and Social Inclusion Officer (Gender),01-Mar-2023,31-Mar-2023,unops,True,"Sana'a, Yemen",,,
https://jobs.unops.org/Pages/ViewVacancy/VADetails.aspx?id=25421,24/03/2023,IPSAS Specialist,08-Feb-2023,31-Mar-2023,unops,False,"Copenhagen, Denmark",,,
https://jobs.unops.org/Pages/ViewVacancy/VADetails.aspx?id=25555,24/03/2023,Chief Technical Officer,10-Mar-2023,31-Mar-2023,unops,False,Multiple,,,
https://jobs.unops.org/Pages/ViewVacancy/VADetails.aspx?id=25715,24/03/2023,Apoyo a la Gestión de Proyectos - Analista (cierre y evaluación de proyectos) (sólo candidatos/as internos/as),24-Mar-2023,31-Mar-2023,unops,False,"Buenos Aires, Argentina",,,
https://jobs.unops.org/Pages/ViewVacancy/VADetails.aspx?id=25561,24/03/2023,Senior Project Manager,28-Feb-2023,30-Mar-2023,unops,False,"Kindu, non family duty station, Democratic Republic of the Congo",,,
https://jobs.unops.org/Pages/ViewVacancy/VADetails.aspx?id=25615,24/03/2023,"Project Management Support - Senior Assistant, Multiple positions",09-Mar-2023,30-Mar-2023,unops,False,"Cotabato City, Philippines",,,
https://jobs.unops.org/Pages/ViewVacancy/VADetails.aspx?id=25662,24/03/2023,HR Senior Officer,16-Mar-2023,30-Mar-2023,unops,False,"Antananarivo, Madagascar",,,
https://jobs.unops.org/Pages/ViewVacancy/VADetails.aspx?id=25664,24/03/2023,ICT Advisor,16-Mar-2023,30-Mar-2023,unops,False,"Dhaka, Bangladesh",,,
https://jobs.unops.org/Pages/ViewVacancy/VADetails.aspx?id=25666,24/03/2023,Human Resources Analyst,15-Mar-2023,30-Mar-2023,unops,False,"New York, United States of America",,,
https://jobs.unops.org/Pages/ViewVacancy/VADetails.aspx?id=25672,24/03/2023,Civil Engineer,17-Mar-2023,30-Mar-2023,unops,False,"Tbilisi, Georgia",,,
https://jobs.unops.org/Pages/ViewVacancy/VADetails.aspx?id=25661,24/03/2023,Procurement Specialist,15-Mar-2023,29-Mar-2023,unops,False,"Amman, Jordan",,,
https://jobs.unops.org/Pages/ViewVacancy/VADetails.aspx?id=25648,24/03/2023,ICT Specialist  Web Services,15-Mar-2023,29-Mar-2023,unops,False,"New York, United States of America",,,
https://jobs.unops.org/Pages/ViewVacancy/VADetails.aspx?id=25650,24/03/2023,Analista Sénior (Gestión de contratos) Solo candidatos/as internos/as,15-Mar-2023,29-Mar-2023,unops,False,"Managua, Nicaragua",,,
https://jobs.unops.org/Pages/ViewVacancy/VADetails.aspx?id=25592,24/03/2023,Finance Senior  Assistant,16-Mar-2023,29-Mar-2023,unops,False,Multiple,,,
https://jobs.unops.org/Pages/ViewVacancy/VADetails.aspx?id=25598,24/03/2023,Finance Analyst,16-Mar-2023,29-Mar-2023,unops,False,"Juba, South Sudan",,,
https://jobs.unops.org/Pages/ViewVacancy/VADetails.aspx?id=25602,24/03/2023,Adjoint·e principal·e aux finances,07-Mar-2023,28-Mar-2023,unops,False,"Bamako, Mali",,,
https://jobs.unops.org/Pages/ViewVacancy/VADetails.aspx?id=25597,24/03/2023,Country Manager,07-Mar-2023,28-Mar-2023,unops,False,"Baghdad, Iraq",,,
https://jobs.unops.org/Pages/ViewVacancy/VADetails.aspx?id=25543,24/03/2023,Finance Assistant (Internal to UNOPS personnel),13-Mar-2023,28-Mar-2023,unops,False,"Nairobi, Kenya",,,
https://jobs.unops.org/Pages/ViewVacancy/VADetails.aspx?id=25562,24/03/2023,Lead Biomedical Engineer (Technical Lead),28-Feb-2023,28-Mar-2023,unops,True,"Manila, Philippines",,,
https://jobs.unops.org/Pages/ViewVacancy/VADetails.aspx?id=25437,24/03/2023,Partnerships Specialist - Analysis and Reporting,10-Feb-2023,28-Mar-2023,unops,False,"Djibouti, Djibouti",,,
https://jobs.unops.org/Pages/ViewVacancy/VADetails.aspx?id=25651,24/03/2023,Data Scientist,15-Mar-2023,28-Mar-2023,unops,False,Home based,,,
https://jobs.unops.org/Pages/ViewVacancy/VADetails.aspx?id=25652,24/03/2023,Urban Planning and Social Housing Specialist  - Retainer,14-Mar-2023,28-Mar-2023,unops,True,"Erbil, Iraq",,,
https://jobs.unops.org/Pages/ViewVacancy/VADetails.aspx?id=25655,24/03/2023,Strategic Liaison Officer,14-Mar-2023,28-Mar-2023,unops,False,"Amman, Jordan (with travel to Yemen and the region as needed), Jordan",,,
https://jobs.unops.org/Pages/ViewVacancy/VADetails.aspx?id=25656,24/03/2023,External Relations/Programme Officer,14-Mar-2023,28-Mar-2023,unops,False,"Amman, Jordan",,,
https://jobs.unops.org/Pages/ViewVacancy/VADetails.aspx?id=25629,24/03/2023,Ingénieur·re principal·e en génie biomédical,09-Mar-2023,28-Mar-2023,unops,False,"Tunis, Tunisia",,,
https://jobs.unops.org/Pages/ViewVacancy/VADetails.aspx?id=25637,24/03/2023,Project Manager-Energy Development,13-Mar-2023,27-Mar-2023,unops,False,"Jerusalem, with travel to the West Bank and Gaza",,,
https://jobs.unops.org/Pages/ViewVacancy/VADetails.aspx?id=25638,24/03/2023,Procurement Senior Officer,13-Mar-2023,27-Mar-2023,unops,False,"Amman, Jordan",,,
https://jobs.unops.org/Pages/ViewVacancy/VADetails.aspx?id=25649,24/03/2023,Programme Management - Senior Officer (National Coordinator),13-Mar-2023,27-Mar-2023,unops,False,"Niamey, Niger",,,
https://jobs.unops.org/Pages/ViewVacancy/VADetails.aspx?id=25386,24/03/2023,ICT Manager - Software Development (Full Stack Web Developer),06-Mar-2023,27-Mar-2023,unops,False,"New York, United States of America",,,
https://jobs.unops.org/Pages/ViewVacancy/VADetails.aspx?id=25581,24/03/2023,Head of Manila Office,03-Mar-2023,26-Mar-2023,unops,False,"Manila, Philippines",,,
https://jobs.unops.org/Pages/ViewVacancy/VADetails.aspx?id=25547,24/03/2023,ICT Senior Assistant,23-Feb-2023,26-Mar-2023,unops,False,"Valencia, Spain",,,
https://jobs.unops.org/Pages/ViewVacancy/VADetails.aspx?id=25606,24/03/2023,Programme Management - Senior Officer (National Coordinator),03-Mar-2023,26-Mar-2023,unops,False,"Pohnpei, Micronesia (Federated States of)",,,
https://jobs.unops.org/Pages/ViewVacancy/VADetails.aspx?id=25599,24/03/2023,Human Resources Specialist,03-Mar-2023,26-Mar-2023,unops,False,"Copenhagen, Denmark",,,
https://jobs.unops.org/Pages/ViewVacancy/VADetails.aspx?id=25635,24/03/2023,Project Management Support  Specialist,12-Mar-2023,26-Mar-2023,unops,False,"New York , United States of America",,,
https://jobs.unops.org/Pages/ViewVacancy/VADetails.aspx?id=25443,24/03/2023,GEF STAP Panel Member - International Waters,08-Feb-2023,25-Mar-2023,unops,False,Home based,,,
https://www.worldbank.org/en/about/corporate-procurement/business-opportunities/administrative-procurement/rfp-23-0348-cleaning-services-for-ibrd-office-in-brussels-belgium,24/03/2023,"RFP 23-0348 CLEANING SERVICES FOR IBRD OFFICE IN BRUSSELS, BELGIUM","February 28,2023","March 27,2023",wbg,False,,,RFP 23-0348,
https://www.worldbank.org/en/about/corporate-procurement/business-opportunities/administrative-procurement/rfxnow-2000246-ministry-of-health-ghana-data-needs-and-interoperability-assessmen,24/03/2023,RFxNow 2000246 - Ministry of Health Ghana data needs and interoperability assessmen,"March 09,2023","March 31,2023",wbg,True,,,0002000246,
https://www.worldbank.org/en/about/corporate-procurement/business-opportunities/administrative-procurement/rfxnow-2000468-international-technical-and-environmental-and-social-consultant-improvement-of-the-road-conditions,24/03/2023,RFxNow 2000468 - International Technical and Environmental and Social Consultant - Improvement of the road conditions,"March 10,2023","March 28,2023",wbg,False,,,0002000468,
https://www.worldbank.org/en/about/corporate-procurement/business-opportunities/administrative-procurement/rfxnow-2000478-it-website-production-consultant,24/03/2023,RFxNow 2000478 - IT & Website production consultant,"March 10,2023","March 31,2023",wbg,False,,,0002000478,
https://www.worldbank.org/en/about/corporate-procurement/business-opportunities/administrative-procurement/rfxnow-2000429-promoting-biodiversity-outcomes-in-targeted-productive-landscapes-madagascar,24/03/2023,RFxNow 2000429 - Promoting Biodiversity outcomes in Targeted Productive Landscapes - Madagascar,"March 10,2023","March 24,2023",wbg,False,,,0002000429,
https://www.worldbank.org/en/about/corporate-procurement/business-opportunities/administrative-procurement/rfxnow-2000362-we-fi-sahel-program-in-mali,24/03/2023,RFxNow 2000362 - We-Fi Sahel program in Mali,"March 13,2023","March 28,2023",wbg,False,,,0002000362,
https://www.worldbank.org/en/about/corporate-procurement/business-opportunities/administrative-procurement/rfxnow-2000509-strengthening-disaster-resilience-in-central-african-republic,24/03/2023,RFxNow 2000509 - Strengthening Disaster Resilience in Central African Republic,"March 14,2023","March 29,2023",wbg,False,,,0002000509,
https://www.worldbank.org/en/about/corporate-procurement/business-opportunities/administrative-procurement/rfxnow-2000536-road-safety-in-three-africa-courtiers-benin-rwanda-sierra-leone,24/03/2023,"RFxNow 2000536 - Road Safety in three Africa courtiers: Benin, Rwanda, Sierra Leone","March 14,2023","March 29,2023",wbg,True,,,0002000536,
https://www.worldbank.org/en/about/corporate-procurement/business-opportunities/administrative-procurement/rfxnow-2000522-legal-consultant-improvement-of-the-road-conditions-in-panama-city,24/03/2023,RFxNow 2000522 - Legal Consultant - Improvement of the road conditions in Panama City,"March 15,2023","March 28,2023",wbg,False,,,0002000522,
https://www.worldbank.org/en/about/corporate-procurement/business-opportunities/administrative-procurement/rfxnow-2000524-mauritania-regional-integration-masterplan,24/03/2023,RFxNow 2000524 - Mauritania Regional Integration Masterplan,"March 15,2023","March 24,2023",wbg,False,,,0002000524,
https://www.worldbank.org/en/about/corporate-procurement/business-opportunities/administrative-procurement/rfxnow-2000533-leaders-in-road-safety-management-training-program,24/03/2023,RFxNow 2000533 - Leaders in Road Safety Management Training Program,"March 16,2023","April 11,2023",wbg,True,,,0002000533,
https://www.worldbank.org/en/about/corporate-procurement/business-opportunities/administrative-procurement/rfxnow-2000568-advancing-green-public-procurement,24/03/2023,RFxNow 2000568 - Advancing Green Public Procurement,"March 16,2023","March 28,2023",wbg,False,,,0002000568,
https://www.worldbank.org/en/about/corporate-procurement/business-opportunities/administrative-procurement/rfxnow-2000585-market-development-of-fermented-organic-manure-in-india,24/03/2023,RFxNow 2000585 - Market development of fermented organic manure in India,"March 16,2023","April 04,2023",wbg,False,,,0002000585,
https://www.worldbank.org/en/about/corporate-procurement/business-opportunities/administrative-procurement/rfxnow-2000558-technical-consultant-for-rejuvenation-of-urban-bus-transport-infrastructure-in-india,24/03/2023,RFxNow 2000558 - Technical Consultant for Rejuvenation of urban bus transport infrastructure in India,"March 16,2023","March 28,2023",wbg,False,,,0002000558,
https://www.worldbank.org/en/about/corporate-procurement/business-opportunities/administrative-procurement/rfxnow-2000565-freight-transport-decarbonization-strategy-and-roadmap-for-deployment-of-green-corridors-infra-in-br,24/03/2023,RFxNow 2000565 - Freight transport decarbonization strategy and roadmap for deployment of green corridors infra in BR,"March 20,2023","April 14,2023",wbg,False,,,0002000565,
https://www.worldbank.org/en/about/corporate-procurement/business-opportunities/administrative-procurement/rfxnow-2000595-development-of-a-pilot-short-term-regional-electricity-market-in-central-asia,24/03/2023,RFxNow 2000595 - Development of a Pilot Short-term Regional Electricity Market in Central Asia,"March 20,2023","April 05,2023",wbg,False,,,0002000595,
https://www.worldbank.org/en/about/corporate-procurement/business-opportunities/administrative-procurement/rfxnow-2000502-sustainability-and-resilience-assessment-of-water-and-sanitation-schemes-in-yemen,24/03/2023,RFxNow 2000502 - Sustainability and resilience assessment of water and sanitation schemes in Yemen,"March 20,2023","April 04,2023",wbg,True,,,0002000502,
https://www.worldbank.org/en/about/corporate-procurement/business-opportunities/administrative-procurement/rfxnow-2000555-baghdad-international-airport-ppp-technical-consultant,24/03/2023,RFxNow 2000555 - Baghdad International Airport PPP – Technical Consultant,"March 20,2023","April 06,2023",wbg,False,,,0002000555,
https://www.worldbank.org/en/about/corporate-procurement/business-opportunities/administrative-procurement/rfxnow-2000556-baghdad-international-airport-ppp-legal-consultant,24/03/2023,RFxNow 2000556 - Baghdad International Airport PPP – Legal Consultant,"March 20,2023","April 06,2023",wbg,False,,,0002000556,
https://www.worldbank.org/en/about/corporate-procurement/business-opportunities/administrative-procurement/rfxnow-2000634-impact-assessment-of-fintech-models-for-mse-finance,24/03/2023,RFxNow 2000634 - Impact Assessment of Fintech Models for MSE finance,"March 20,2023","March 28,2023",wbg,False,,,0002000634,
https://www.worldbank.org/en/about/corporate-procurement/business-opportunities/administrative-procurement/rfxnow-2000603-unpacking-the-stories-of-female-entrepreneurs,24/03/2023,RFxNow 2000603 - Unpacking the Stories of Female Entrepreneurs,"March 20,2023","April 07,2023",wbg,False,,,0002000603,
https://www.worldbank.org/en/about/corporate-procurement/business-opportunities/administrative-procurement/rfxnow-2000564-the-roles-of-the-financial-and-private-sectors-in-the-just-energy-transition-in-europe-and-central-a,24/03/2023,RFxNow 2000564 - The Roles of the Financial and Private Sectors in the Just Energy Transition in Europe and Central A,"March 20,2023","April 05,2023",wbg,False,,,0002000564,
https://www.worldbank.org/en/about/corporate-procurement/business-opportunities/administrative-procurement/rfxnow-2000638-nigeria-education-sector-systemic-analysis,24/03/2023,RFxNow 2000638 - Nigeria Education Sector Systemic Analysis,"March 20,2023","March 31,2023",wbg,False,,,0002000638,
https://www.worldbank.org/en/about/corporate-procurement/business-opportunities/administrative-procurement/rfxnow-2000669-re-advertised-analysis-and-recommendations-for-strengthening-the-turkish-environmental-label-system,24/03/2023,RFxNow 2000669 - Re-advertised: ANALYSIS AND RECOMMENDATIONS FOR STRENGTHENING THE TURKISH ENVIRONMENTAL LABEL SYSTEM,"March 20,2023","March 30,2023",wbg,False,,,0002000669,
https://www.worldbank.org/en/about/corporate-procurement/business-opportunities/administrative-procurement/rfxnow-2000548-green-skills-assessment-for-women-and-youth-in-jordan,24/03/2023,RFxNow 2000548 - Green Skills Assessment for Women and Youth in Jordan,"March 20,2023","March 28,2023",wbg,False,,,0002000548,
https://www.worldbank.org/en/about/corporate-procurement/business-opportunities/administrative-procurement/rfxnow-2000672-edo-state-nigeria-global-education-policy-dashboard,24/03/2023,"RFxNow 2000672 - Edo State, Nigeria: Global Education Policy Dashboard","March 20,2023","April 06,2023",wbg,False,,,0002000672,
https://www.worldbank.org/en/about/corporate-procurement/business-opportunities/administrative-procurement/rfxnow-2000291-consulting-services-for-mobility-as-a-service-maas-study-in-ulaanbaatar,24/03/2023,RFxNow 2000291 - Consulting services for Mobility-as-a-Service (MaaS) study in Ulaanbaatar,"March 20,2023","April 04,2023",wbg,False,,,0002000291,
https://www.worldbank.org/en/about/corporate-procurement/business-opportunities/administrative-procurement/rfxnow-2000487-core-registry-development-customization,24/03/2023,RFxNow 2000487 - Core Registry Development & Customization,"March 20,2023","March 30,2023",wbg,False,,,0002000487,
https://www.worldbank.org/en/about/corporate-procurement/business-opportunities/administrative-procurement/rfxnow-2000664-development-of-the-national-green-taxonomy-for-uzbekistan,24/03/2023,RFxNow 2000664 - Development of the National Green Taxonomy for Uzbekistan,"March 21,2023","April 21,2023",wbg,False,,,0002000664,
https://www.worldbank.org/en/about/corporate-procurement/business-opportunities/administrative-procurement/rfxnow-2000676-ifc-consultant-on-green-transition-in-the-tourism-food-retail-and-property-in-the-europe-region,24/03/2023,"RFxNow 2000676 - IFC - Consultant on Green Transition in the Tourism, Food Retail and Property in the Europe Region","March 21,2023","March 29,2023",wbg,False,,,0002000676,
https://www.worldbank.org/en/about/corporate-procurement/business-opportunities/administrative-procurement/rfxnow-2000630-benin-assessment-of-multi-risks-early-warning-system-development-status,24/03/2023,RFxNow 2000630 - Benin: Assessment of multi-risks early warning system development status,"March 21,2023","March 31,2023",wbg,False,,,0002000630,
https://www.worldbank.org/en/about/corporate-procurement/business-opportunities/administrative-procurement/rfxnow-2000245-financing-for-energy-access-africa-market-research,24/03/2023,RFxNow 2000245 - Financing for Energy Access - Africa Market Research,"March 21,2023","April 14,2023",wbg,False,,,0002000245,
https://www.worldbank.org/en/about/corporate-procurement/business-opportunities/administrative-procurement/rfxnow-2000666-data-collection-support-for-the-impact-evaluation-of-a-livelihoods-support-intervention-in-nigeria,24/03/2023,RFxNow 2000666 - Data collection support for the Impact Evaluation of a livelihoods support intervention in Nigeria,"March 22,2023","March 30,2023",wbg,False,,,0002000666,
https://www.worldbank.org/en/about/corporate-procurement/business-opportunities/administrative-procurement/rfxnow-2000661-edo-state-nigeria-global-education-policy-dashboard,24/03/2023,"RFxNow 2000661 - Edo State, Nigeria: Global Education Policy Dashboard","March 22,2023","April 06,2023",wbg,False,,,0002000661,
https://www.worldbank.org/en/about/corporate-procurement/business-opportunities/administrative-procurement/rfxnow-2000722-mapping-of-hospital-services-and-establishing-credentialing-standards-for-hospitals-in-iraq,24/03/2023,RFxNow 2000722 - Mapping of Hospital Services and Establishing Credentialing Standards for Hospitals In Iraq,"March 22,2023","April 06,2023",wbg,True,,,0002000722,
https://www.worldbank.org/en/about/corporate-procurement/business-opportunities/administrative-procurement/rfxnow-2000671-edo-state-nigeria-analysis-of-early-reading-learning-materials-support-to-develop-lesson-plans,24/03/2023,"RFxNow 2000671 - Edo state, Nigeria - Analysis of Early Reading Learning Materials & support to develop lesson plans","March 22,2023","April 07,2023",wbg,False,,,0002000671,
https://www.worldbank.org/en/about/corporate-procurement/business-opportunities/administrative-procurement/rfxnow-2000674-market-assessment-study-for-malaysia-plastics-value-chain-diagnostics-for-automotive-and-e-e,24/03/2023,RFxNow 2000674 - Market Assessment Study for Malaysia: Plastics value-chain diagnostics for Automotive and E&E,"March 22,2023","April 07,2023",wbg,False,,,0002000674,
https://www.worldbank.org/en/about/corporate-procurement/business-opportunities/administrative-procurement/rfxnow-2000690-female-leadership,24/03/2023,RFxNow 2000690 - Female Leadership,"March 23,2023","April 07,2023",wbg,True,,,0002000690,
https://www.worldbank.org/en/about/corporate-procurement/business-opportunities/administrative-procurement/rfxnow-2000633-ng-consultancy-services-for-sediment-reuse-and-sediment-management-strategy-for-ibadan,24/03/2023,RFxNow 2000633 - NG - Consultancy Services for Sediment Reuse and Sediment Management Strategy for Ibadan,"March 23,2023","April 11,2023",wbg,False,,,0002000633,
https://www.worldbank.org/en/about/corporate-procurement/business-opportunities/administrative-procurement/rfxnow-2000707-communications-support-for-low-carbon-city-program,24/03/2023,RFxNow 2000707 - Communications support for low carbon city program,"March 23,2023","April 06,2023",wbg,False,,,0002000707,
https://www.worldbank.org/en/about/corporate-procurement/business-opportunities/administrative-procurement/rfxnow-2000692-assessment-support-for-locally-led-climate-and-disaster-risk-resilience-in-mongolia,24/03/2023,RFxNow 2000692 - Assessment - Support for Locally Led Climate and Disaster Risk Resilience in Mongolia,"March 23,2023","April 07,2023",wbg,False,,,0002000692,
https://www.worldbank.org/en/about/corporate-procurement/business-opportunities/administrative-procurement/rfxnow-2000699-technical-assistance-to-the-indh-for-expansion-of-the-community-health-system,24/03/2023,RFxNow 2000699 - Technical Assistance to the INDH for expansion of the Community Health System,"March 23,2023","April 07,2023",wbg,True,,,0002000699,
https://www.worldbank.org/en/about/corporate-procurement/business-opportunities/administrative-procurement/transportation-services-for-gpe-events-europe,24/03/2023,"RFP 23-0420 - Transportation Services for GPE Events, Europe","March 23,2023","April 13,2023",wbg,False,,,RFP 23-0420,
https://www.worldbank.org/en/about/corporate-procurement/business-opportunities/administrative-procurement/rfxnow-2000766-kosovo-childcare-deep-dive-for-western-balkans-care-economy,24/03/2023,RFxNow 2000766 - Kosovo Childcare Deep Dive for Western Balkans Care Economy,"March 24,2023","April 11,2023",wbg,False,,,0002000766,
https://www.worldbank.org/en/about/corporate-procurement/business-opportunities/administrative-procurement/rfp-23-0411-it-global-support-services,24/03/2023,RFP 23-0411 IT Global Support Services,"March 24,2023","April 21,2023",wbg,False,,,RFP 23-0411,
https://www.worldbank.org/en/about/corporate-procurement/business-opportunities/administrative-procurement/it-global-support-services,24/03/2023,IT Global Support Services,"March 24,2023","April 21,2023",wbg,False,,,RFP 23-0411,
https://jobs.giz.de/index.php?ac=jobad&id=65723,24/03/2023,Gender Equality Specialist (m/f/d) EU-Viet Nam Women-led Green Partnership Programme,2023-03-16,2023-04-16,GIZ,False,Hanoi,,,
https://jobs.giz.de/index.php?ac=jobad&id=66632,24/03/2023,Climate Change Specialist (m/f/d) EU-Viet Nam Women-led Green Partnership Programme,2023-03-16,2023-04-16,GIZ,False,Hanoi,,,
https://jobs.giz.de/index.php?ac=jobad&id=66626,24/03/2023,"Praktikant*in im Globalvorhaben ""Grüne Innovationszentren in der Agrar- und Ernährungswirtschaft"", Schwerpunkt Monitoring und Evaluierung",2023-03-16,2023-03-31,GIZ,False,Bonn,,,
https://jobs.giz.de/index.php?ac=jobad&id=64840,24/03/2023,Personalsachbearbeiter*in Gehalt - Schwerpunkt Audits,2023-03-16,2023-04-13,GIZ,False,Eschborn,,,
https://jobs.giz.de/index.php?ac=jobad&id=65720,24/03/2023,Team Leader (m/f/d): EU-Viet Nam Women-led Green Partnership Programme,2023-03-16,2023-04-16,GIZ,False,Hanoi,,,
https://jobs.giz.de/index.php?ac=jobad&id=66634,24/03/2023,Environment Specialist (m/f/d) EU-Viet Nam Women-led Green Partnership Programme,2023-03-16,2023-04-16,GIZ,False,Hanoi,,,
https://jobs.giz.de/index.php?ac=jobad&id=66640,24/03/2023,Team Leader/ Environmental Policy Expert (m/f/d) Improving Chapter 27 planning and implementation,2023-03-16,2023-04-16,GIZ,False,Belgrad,,,
https://jobs.giz.de/index.php?ac=jobad&id=65538,24/03/2023,Berater*in für Kommunikation,2023-03-16,2023-03-30,GIZ,False,Warsaw,,,
https://jobs.giz.de/index.php?ac=jobad&id=65752,24/03/2023,Spezialist*in Datenschutz und Informationssicherheit,2023-03-16,2023-04-19,GIZ,False,Eschborn,,,
https://jobs.giz.de/index.php?ac=jobad&id=66642,24/03/2023,Senior Legal Expert (m/f/d) Improving Chapter 27 planning and implementation,2023-03-16,2023-04-16,GIZ,False,Belgrad,,,
https://jobs.giz.de/index.php?ac=jobad&id=65285,24/03/2023,Berater*in für internationale Steuern,2023-03-16,2023-04-02,GIZ,False,Bonn,,,
https://jobs.giz.de/index.php?ac=jobad&id=66638,24/03/2023,Berater*in im Bereich Digitalisierung und Menschenrechte in Zentralamerika,2023-03-16,2023-04-02,GIZ,False,Tegucigalpa,,,
https://jobs.giz.de/index.php?ac=jobad&id=66420,24/03/2023,Spezialist*in für Vergabe und fachliche/methodische Software,2023-03-16,2023-04-19,GIZ,False,Eschborn,,,
https://jobs.giz.de/index.php?ac=jobad&id=66624,24/03/2023,Office Manager*in für die Vorhaben Ländliche Entwicklung & Wissenszentrum Ökologischer Landbau in Afrika,2023-03-16,2023-04-03,GIZ,False,Eschborn,,,
https://jobs.giz.de/index.php?ac=jobad&id=66597,24/03/2023,Praktikant*in im Vorhaben Sustainable Finance,2023-03-15,2023-03-29,GIZ,False,Eschborn,,,
https://jobs.giz.de/index.php?ac=jobad&id=66505,24/03/2023,Advisor (m/f/d) System Architecture for GovStack and ICGLR in Rwanda,2023-03-15,2023-03-28,GIZ,False,Kigali,,,
https://jobs.giz.de/index.php?ac=jobad&id=66600,24/03/2023,"Praktikant*in (m/w/d) im Vorhaben „Deutscher Beitrag zum EU-Programm EUROCLIMA+“ in Lateinamerika in den Sektoren Wald, Biodiversität, Ökosysteme und Resiliente Ernährungssicherung",2023-03-15,2023-03-29,GIZ,False,Bruxelles,,,
https://jobs.giz.de/index.php?ac=jobad&id=66615,24/03/2023,Junior-Spezialist*in für das Innovationsportfolio am Campus Kottenforst,2023-03-15,2023-03-28,GIZ,False,Bonn-Röttgen,,,
https://jobs.giz.de/index.php?ac=jobad&id=66571,24/03/2023,Policy Advisor (m/f/d) Energy Policy and Regulatory Reform for GET.transform,2023-03-14,2023-04-11,GIZ,False,Bonn,,,
https://jobs.giz.de/index.php?ac=jobad&id=66587,24/03/2023,Intern (m/f/d) at programme GET.invest in Brussels,2023-03-14,2023-03-28,GIZ,False,Bruxelles,,,
https://jobs.giz.de/index.php?ac=jobad&id=66259,24/03/2023,Entwicklungshelfer*in als Berater*in Berufliche Bildung,2023-03-14,2023-04-16,GIZ,False,Takoradi,,,
https://jobs.giz.de/index.php?ac=jobad&id=66566,24/03/2023,Communications Intern (m/f/d) in the International Tax Compact (ITC within the Sector Programme Good Financial Governance (SP GFG)),2023-03-14,2023-03-28,GIZ,False,Bonn,,,
https://jobs.giz.de/index.php?ac=jobad&id=66574,24/03/2023,Praktikant*in im GIZ Verbindungsbüro zur EU in Eschborn,2023-03-14,2023-03-28,GIZ,False,Eschborn,,,
https://jobs.giz.de/index.php?ac=jobad&id=66568,24/03/2023,Praktikant*in im Unterstützungsvorhaben für die Umsetzung des Paris-Abkommens (SPA),2023-03-14,2023-03-28,GIZ,False,Berlin,,,
https://jobs.giz.de/index.php?ac=jobad&id=65696,24/03/2023,"Anlagenmechaniker*in für Sanitär, Heizungs- und Lüftungsanlagen",2023-03-14,2023-04-16,GIZ,False,Bonn-Röttgen,,,
https://jobs.giz.de/index.php?ac=jobad&id=66537,24/03/2023,Intern (m/f/d) in the Commission and Quality Management in the TVET Cluster,2023-03-13,2023-03-27,GIZ,False,Hanoi,,,
https://jobs.giz.de/index.php?ac=jobad&id=66532,24/03/2023,Junior-Berater*in im Vorhaben International Hydrogen Ramp-Up Program,2023-03-13,2023-03-26,GIZ,False,Eschborn,,,
https://jobs.giz.de/index.php?ac=jobad&id=66542,24/03/2023,Leiter*in der Komponente Datenmanagement im Programm Dezentrale Lösungen für regionale Entwicklung,2023-03-13,2023-04-10,GIZ,False,Agadir,,,
https://jobs.giz.de/index.php?ac=jobad&id=66543,24/03/2023,Praktikant*in im Sektorvorhaben Klima zum Thema Klimaschutz,2023-03-13,2023-03-27,GIZ,False,Bonn,,,
https://jobs.giz.de/index.php?ac=jobad&id=66558,24/03/2023,Praktikant*in im Sektorprogramm “Digitalisierung für nachhaltige Entwicklung“,2023-03-13,2023-03-27,GIZ,False,Bonn,,,
https://paho.wd5.myworkdayjobs.com/en-US/pahocareers/details/PAHO-Internships_Req-02973,24/03/2023,PAHO Internships,2023-03-24,"<p>Fluency in one of PAHO&#39;s working languages (reading, writing and speaking). PAHO official languages: English, Spanish, Portuguese and French. Knowledge of the local language in some duty stations can be an asset.</p>",PAHO,False,United States of America,,,
https://paho.wd5.myworkdayjobs.com/en-US/pahocareers/details/XMLNAME--PAHO-Consultant---Malnutrition-_Req-03100-2,24/03/2023,"""PAHO Consultant - Malnutrition""",2023-03-21,"April 10, 2023, 11:59 PM Eastern Time",PAHO,False,United States of America,,,
https://paho.wd5.myworkdayjobs.com/en-US/pahocareers/details/PAHO-Consultant---PHE-EMO_Req-03050-1,24/03/2023,PAHO Consultant - PHE/EMO,2023-03-20,"April 4, 2023, 11:59 PM Eastern Time",PAHO,False,United States of America,,,
https://paho.wd5.myworkdayjobs.com/en-US/pahocareers/details/PAHO-Consultant---Lab-Specialist---Influenza-Team_Req-03092-1,24/03/2023,PAHO Consultant - Lab Specialist – Influenza Team,2023-03-16,"March 29, 2023, 11:59 PM Eastern Time",PAHO,False,United States of America,,,
https://paho.wd5.myworkdayjobs.com/en-US/pahocareers/details/PAHO-Consultant---Determinantes-Ambientales-de-la-Salud_Req-03053,24/03/2023,PAHO Consultant - Determinantes Ambientales de la Salud,2023-03-14,"marzo 31, 2023, 11:59 PM Colombia Standard Time",PAHO,True,Peru,,,
https://paho.wd5.myworkdayjobs.com/en-US/pahocareers/details/PAHO-Consultant---SF-Technical-Researcher-Writer-Consultant_Req-03066,24/03/2023,PAHO Consultant - SF Technical Researcher/Writer Consultant,2023-03-13,"March 30, 2023, 11:59 PM Eastern Time",PAHO,True,United States of America,,,
https://paho.wd5.myworkdayjobs.com/en-US/pahocareers/details/PAHO-Consultant---Strategic-Communications-Consultant_Req-03067,24/03/2023,PAHO Consultant - Strategic Communications Consultant,2023-03-13,"March 30, 2023, 11:59 PM Eastern Time",PAHO,True,United States of America,,,
https://paho.wd5.myworkdayjobs.com/en-US/pahocareers/details/PAHO-Consultant---Analista-de-Desenvolvimento-de-Sistemas_Req-03081,24/03/2023,PAHO Consultant - Analista de Desenvolvimento de Sistemas,2023-03-13,"março 27, 2023, 11:59 PM Brasilia Standard Time",PAHO,False,Brazil,,,
https://paho.wd5.myworkdayjobs.com/en-US/pahocareers/details/PAHO-Consultant---Municipios-y-Entornos-Saludables_Req-03080,24/03/2023,PAHO Consultant - Municipios y Entornos Saludables,2023-03-10,"March 26, 2023, 11:59 PM Central Time",PAHO,False,Guatemala,,,
https://paho.wd5.myworkdayjobs.com/en-US/pahocareers/details/PAHO-Consultant---Malaria-y-Enfermedades-Desatendidas_Req-03079,24/03/2023,PAHO Consultant - Malaria y Enfermedades Desatendidas,2023-03-10,"March 26, 2023, 11:59 PM Central Time",PAHO,False,Guatemala,,,
https://www.ungm.org/Public/Notice/195537,24/03/2023,construction of Multipurpose Vocational and Heritage Center.,24-Mar-2023,12-Apr-2023 23:59 (GMT -4.00),ungm,False,Liberia,Invitation to bid,"UNW-LBR-2023-00001,1",
https://www.ungm.org/Public/Notice/195711,24/03/2023,Promotional Items,24-Mar-2023,13-Apr-2023 11:00 (GMT -4.00),ungm,False,Germany,Request for quotation,"UNV-00026,1",
https://www.ungm.org/Public/Notice/195753,24/03/2023,Pak-HIV-UNDP-ITB-2023-001-Quality Assurance Laboratory Services for IBBS,24-Mar-2023,11-Apr-2023 03:02 (GMT -4.00),ungm,False,Pakistan,Invitation to bid,UNDP-PAK-00178,
https://www.ungm.org/Public/Notice/195784,24/03/2023,36_Debris recycling plant supply and commissioning,24-Mar-2023,11-Apr-2023 11:00 (GMT -4.00),ungm,False,Ukraine,Invitation to bid,UNDP-UKR-00147,
https://www.ungm.org/Public/Notice/195793,24/03/2023,SDP UNDP-COL-00552 / PRC00012722 Evaluación de medio término,24-Mar-2023,10-Apr-2023 17:00 (GMT -4.00),ungm,False,Colombia,Request for proposal,UNDP-COL-00552,
https://www.ungm.org/Public/Notice/195797,24/03/2023,SEALED BIDS - Provision of Equipment and Technical Support for Video Recording and Branding for the CTBTO Science and Technology Conference SnT 2023,24-Mar-2023,12-Apr-2023 00:00 (GMT 1.00),ungm,False,Austria,Invitation to bid,ITB No. 2023-0037/POGGIO,
https://www.ungm.org/Public/Notice/195799,24/03/2023,"Provision of video contents for the AfDB's 2023 Annual Meetings in Sharm El-Sheikh, Egypt",24-Mar-2023,11-Apr-2023 12:00 (GMT 0.00),ungm,False,Multiple destinations,Invitation to bid,ADB/ITB/TCGS/2023/0080,
https://www.ungm.org/Public/Notice/195800,24/03/2023,Study on Children in Street Situations (CISS) in five cities of India (RFP-2023-015-9181707),24-Mar-2023,14-Apr-2023 12:00 (GMT 5.30),ungm,False,India,Request for proposal,RFP-2023-015-9181707,
https://www.ungm.org/Public/Notice/195805,24/03/2023,LRFPS-MRT- 9181648 _ RECRUTEMENT DâUN CABINET POUR LâAUTONOMISATION DU SYSTEME DâINFOMATION SUR LES PERSONNES VIVANT AVEC HANDICAP EN MAURITANIE,24-Mar-2023,13-Apr-2023 12:00 (GMT 00.00),ungm,False,Mauritania,Grant support-call for proposal,LRFPS-MRT- 9181648 _ RECRUTEMENT DâUN CABINET POUR LâAUTONOMISATION DU SYSTEME DâINFOMATION SUR LES PERSONNES VIVANT AVEC HANDICAP EN MAURITANIE,
https://www.ungm.org/Public/Notice/195807,24/03/2023,International institutional consultancy for final evaluation of the EU and UNICEF for Early Childhood Development in Montenegro Action.,24-Mar-2023,13-Apr-2023 15:00 (GMT 1.00),ungm,False,Montenegro,Request for proposal,LRPS 2023 9181757,
https://www.ungm.org/Public/Notice/195823,24/03/2023,Small Grant Fund Management Firm,24-Mar-2023,14-Apr-2023 09:00 (GMT -4.00),ungm,False,South Africa,Request for proposal,UNDP-ZAF-00015,
https://www.ungm.org/Public/Notice/195824,24/03/2023,ITB thermal insulation and windows replacement - Pljevlja,24-Mar-2023,13-Apr-2023 10:00 (GMT -4.00),ungm,False,Montenegro,Invitation to bid,UNDP-MNE-00052,
https://www.ungm.org/Public/Notice/195826,24/03/2023,Civil Society Group Engagement on Liberia Nationally Determined Contribut,24-Mar-2023,10-Apr-2023 17:36 (GMT -4.00),ungm,False,Liberia,Request for proposal,UNDP-LBR-00121,
https://www.ungm.org/Public/Notice/195840,24/03/2023,"SDP-003-2023 ""Consultoria Diseño y Evaluación Locaciones como Destinos Nómadas""",24-Mar-2023,11-Apr-2023 18:00 (GMT -4.00),ungm,False,Dominican Republic,Request for proposal,UNDP-DOM-00035,
https://www.ungm.org/Public/Notice/195850,24/03/2023,LBN-CO-RFP-71-23 Candidate Registration System â Municipal & Mukhtar Elections,24-Mar-2023,14-Apr-2023 08:00 (GMT -4.00),ungm,False,Lebanon,Request for proposal,UNDP-LBN-00171,
https://jobs.giz.de/index.php?ac=jobad&id=66538,25/03/2023,Praktikant*in im Globalprojekt „Strategische Umweltdialoge“,2023-03-13,2023-03-27,GIZ,False,Berlin,,,
https://jobs.giz.de/index.php?ac=jobad&id=66559,25/03/2023,Praktikant*in „Unterstützung des Global Health Protection Programme“,2023-03-13,2023-03-27,GIZ,True,Berlin,,,
https://jobs.giz.de/index.php?ac=jobad&id=66548,25/03/2023,Praktikant*in im Sektorvorhaben Klima zum Thema Klimafinanzierung,2023-03-13,2023-03-27,GIZ,False,Bonn,,,
https://jobs.giz.de/index.php?ac=jobad&id=66536,25/03/2023,Praktikant*in Entwicklungspartnerschaften mit der Wirtschaft (develoPPP),2023-03-13,2023-03-27,GIZ,False,Eschborn,,,
https://jobs.giz.de/index.php?ac=jobad&id=66553,25/03/2023,Finanzmanager*in für das International Sustainable Chemistry Collaborative Centre,2023-03-13,2023-04-12,GIZ,False,Bonn,,,
https://jobs.giz.de/index.php?ac=jobad&id=66546,25/03/2023,"Praktikant*in im Bereich Gender/ Feministische Perspektiven im Kompetenzcenter Rechtsstaat, Gender, Menschenrechte und Sicherheit",2023-03-13,2023-03-27,GIZ,False,Eschborn,,,
https://jobs.giz.de/index.php?ac=jobad&id=66549,25/03/2023,Praktikant*in im der Personalentwicklung,2023-03-13,2023-03-27,GIZ,False,Bonn,,,
https://jobs.giz.de/index.php?ac=jobad&id=66545,25/03/2023,Praktikant*in Energie,2023-03-13,2023-03-27,GIZ,False,Eschborn,,,
https://jobs.giz.de/index.php?ac=jobad&id=66081,25/03/2023,Fachassistent*in Gleichstellung,2023-03-13,2023-04-03,GIZ,False,Bonn,,,
https://jobs.giz.de/index.php?ac=jobad&id=66561,25/03/2023,Praktikant*in im Bereich International Services in der Region MENA,2023-03-13,2023-03-27,GIZ,False,Eschborn,,,
https://jobs.giz.de/index.php?ac=jobad&id=66560,25/03/2023,Praktikant*in in der Bereichsökonomie des Afrikabereichs,2023-03-13,2023-03-27,GIZ,False,Eschborn,,,
https://jobs.giz.de/index.php?ac=jobad&id=66550,25/03/2023,Policyberater*in zu Nachhaltigkeitsmanagement mit den Schwerpunkten Energie und Mobilität in der Gruppe „Qualität und Nachhaltigkeit“,2023-03-14,2023-03-27,GIZ,False,Bonn,,,
https://jobs.giz.de/index.php?ac=jobad&id=66522,25/03/2023,Sachbearbeiter*in mit anteiligen Aufgaben im Office-Management,2023-03-10,2023-03-31,GIZ,False,Bonn,,,
https://jobs.giz.de/index.php?ac=jobad&id=66513,25/03/2023,(Junior) IT-Entwickler*in mit Spezialisierung auf Microsoft .NET,2023-03-10,2023-04-23,GIZ,False,Eschborn,,,
https://jobs.giz.de/index.php?ac=jobad&id=66519,25/03/2023,Communication Expert (m/f/d) EU Policy and Outreach Partnership in Argentina and Brazil,2023-03-10,2023-04-09,GIZ,False,Buenos Aires,,,
https://jobs.giz.de/index.php?ac=jobad&id=66494,25/03/2023,Berater*in im Bereich Globale Gesundheit,2023-03-10,2023-03-26,GIZ,True,Bonn,,,
https://jobs.giz.de/index.php?ac=jobad&id=66265,25/03/2023,Advisor (m/f/d) GET.invest – Prospect Data Platform for Energy Finance,2023-03-10,2023-03-30,GIZ,False,Bonn,,,
https://jobs.giz.de/index.php?ac=jobad&id=66498,25/03/2023,Junior-Spezialist*in Kommunikation im Vorhaben „Betreiberplattform zur Stärkung von Partnerschaften kommunaler Unternehmen weltweit“,2023-03-10,2023-04-02,GIZ,False,Berlin,,,
https://jobs.giz.de/index.php?ac=jobad&id=65597,25/03/2023,Entwicklungshelfer*in zur Unterstützung der nationalen Beobachtungsstelle für Landrechtstransaktionen,2023-03-10,2023-04-06,GIZ,False,Niamey,,,
https://jobs.giz.de/index.php?ac=jobad&id=66525,25/03/2023,Spezialist*in Informationssicherheitsmanagement,2023-03-10,2023-04-02,GIZ,False,Eschborn,,,
https://jobs.giz.de/index.php?ac=jobad&id=66520,25/03/2023,Office-Manager*in für Regionale Vorhaben Afrika,2023-03-10,2023-04-09,GIZ,False,Eschborn,,,
https://jobs.giz.de/index.php?ac=jobad&id=66511,25/03/2023,Advisor (m/f/d) for the Pan-African E-Commerce Initiative,2023-03-10,2023-03-31,GIZ,False,Kigali,,,
https://jobs.giz.de/index.php?ac=jobad&id=66515,25/03/2023,Team Leader (m/f/d) EU Policy and Outreach Partnership in Argentina and Brazil,2023-03-10,2030-12-31,GIZ,False,Brasília,,,
https://jobs.giz.de/index.php?ac=jobad&id=66517,25/03/2023,Public Diplomacy Expert (m/f/d) EU Policy and Outreach Partnership in Argentina and Brazil,2023-03-10,2023-04-09,GIZ,False,Buenos Aires,,,
https://jobs.giz.de/index.php?ac=jobad&id=52233,25/03/2023,"Rechtsreferendar*in im Sektorprogramm ""Rohstoffe und Entwicklung""",2023-03-10,2024-12-31,GIZ,False,Bonn,,,
https://jobs.giz.de/index.php?ac=jobad&id=65056,25/03/2023,Development worker (m/f/d) Sustainable Water Supply and Sanitation,2023-03-09,2023-03-29,GIZ,False,Arua,,,
https://jobs.giz.de/index.php?ac=jobad&id=66457,25/03/2023,Junior-Berater*in Technologie und sozio-ökonomische Entwicklung für erneuerbare Energien und grünen Wasserstoff,2023-03-09,2023-03-26,GIZ,False,Algier,,,
https://jobs.giz.de/index.php?ac=jobad&id=66451,25/03/2023,Junior-Finanzmanager*in für das internationale Sekretariat zur Umsetzung der ‘InsuResilience Global Partnership’,2023-03-09,2023-03-28,GIZ,False,Bonn,,,
https://jobs.giz.de/index.php?ac=jobad&id=64952,25/03/2023,Entwicklungshelfer*in im Bereich nachhaltige Wasser- und Sanitärversorgung,2023-03-09,2023-03-29,GIZ,False,Arua,,,
https://jobs.giz.de/index.php?ac=jobad&id=66480,25/03/2023,"Rechtsreferendar*in im Globalvorhaben ""Bekämpfung illegaler Finanzströme”",2023-03-09,2024-06-30,GIZ,False,Bonn,,,
https://iadbcareers.referrals.selectminds.com/jobs/asociado-senior-de-comunicaciones-santo-domingo-republica-dominicana-4984,25/03/2023,"Asociado Senior de Comunicaciones, Santo Domingo, Republica Dominicana","Mar 24, 2023","Apr 7, 2023",IDB,False,Dominican Republic - Country Office,,,
https://jobs.unops.org/Pages/ViewVacancy/VADetails.aspx?id=25695,25/03/2023,Stagiaire Conducteur/trice de travaux,23-Mar-2023,13-Apr-2023,unops_interns,False,"Antananarivo, Madagascar",,,
https://jobs.unops.org/Pages/ViewVacancy/VADetails.aspx?id=25634,25/03/2023,Pasante de Igualdad de Género (Gestión del Conocimiento),15-Mar-2023,09-Apr-2023,unops_interns,True,"Ciudad de Guatemala, Guatemala",,,
https://jobs.unops.org/Pages/ViewVacancy/VADetails.aspx?id=25665,25/03/2023,Intern - Project Management Support (Part-time),25-Mar-2023,09-Apr-2023,unops_interns,False,"Colombo Based, Sri Lanka",,,
https://jobs.unops.org/Pages/ViewVacancy/VADetails.aspx?id=25722,25/03/2023,"Project Management Office Intern , Multiple positions",24-Mar-2023,07-Apr-2023,unops_interns,False,"Bangkok, Thailand",,,
https://jobs.unops.org/Pages/ViewVacancy/VADetails.aspx?id=25697,25/03/2023,Project Management Support Intern,21-Mar-2023,04-Apr-2023,unops_interns,False,"New York, United States of America",,,
https://jobs.unops.org/Pages/ViewVacancy/VADetails.aspx?id=25686,25/03/2023,Infrastructure and Project Management (IPM) Intern,21-Mar-2023,04-Apr-2023,unops_interns,False,"Copenhagen, Denmark",,,
https://jobs.unops.org/Pages/ViewVacancy/VADetails.aspx?id=25689,25/03/2023,ICT Intern,21-Mar-2023,04-Apr-2023,unops_interns,False,"Islamabad, Pakistan",,,
https://jobs.unops.org/Pages/ViewVacancy/VADetails.aspx?id=25595,25/03/2023,Human Resources Intern,06-Mar-2023,03-Apr-2023,unops_interns,False,"Bangkok, Thailand",,,
https://jobs.unops.org/Pages/ViewVacancy/VADetails.aspx?id=25668,25/03/2023,Knowledge Management Intern,16-Mar-2023,30-Mar-2023,unops_interns,False,"Copenhagen, Denmark",,,
https://jobs.unops.org/Pages/ViewVacancy/VADetails.aspx?id=25636,25/03/2023,"Engineering Assistant (multiple positions), Multiple positions",16-Mar-2023,30-Mar-2023,unops_interns,False,"Sana'a, Yemen",,,
https://jobs.unops.org/Pages/ViewVacancy/VADetails.aspx?id=25642,25/03/2023,Administration Intern (Research Intern),13-Mar-2023,27-Mar-2023,unops_interns,False,"New York, United States of America",,,
https://jobs.unops.org/Pages/ViewVacancy/VADetails.aspx?id=25644,25/03/2023,ICT Intern (Graphic/Web Design Intern),13-Mar-2023,27-Mar-2023,unops_interns,False,"New York, United States of America",,,
https://www.ungm.org/Public/Notice/195856,25/03/2023,Maize and Sunflower Seeds for Ukraine,24-Mar-2023,03-Apr-2023 10:00 (GMT 2.00),ungm,False,Ukraine,Invitation to bid,2023/CSAPC/REUTD/121231,
https://www.ungm.org/Public/Notice/195854,25/03/2023,ITB FAONI / 08-2023 Adquisición de Fertilizantes,24-Mar-2023,07-Apr-2023 17:00 (GMT -6.00),ungm,False,Nicaragua,Invitation to bid,2023/FLNIC/FLNIC/121365,
https://www.ungm.org/Public/Notice/195852,25/03/2023,"Réaménagement de l'Armurerie du GSIGN à Bangui, RCA",24-Mar-2023,17-Apr-2023 09:00 (GMT 0.00),ungm,False,Central African Republic,Request for quotation,RFQ/2023/46210,
https://www.ungm.org/Public/Notice/194877,25/03/2023,Procurement of Harmony Endpoint Protection Licenses,24-Mar-2023,12-Apr-2023 16:00 (GMT -4.00),ungm,False,Canada,Request for quotation,ICAO/00149,
https://www.ungm.org/Public/Notice/195841,25/03/2023,Tank stand and Building Materials - Only Local Supplies,24-Mar-2023,28-Mar-2023 17:00 (GMT 1.00),ungm,False,Namibia,Invitation to bid,2023/FNOMA/FRNAM/121361,
https://www.ungm.org/Public/Notice/195843,25/03/2023,"ITB Construction Contract for Small Works - Construction of Pom Mai Sub-rural Health Centre and Nam Kup Sub-rural Health Centre in Mongton Township, Eastern Shan State of Myanmar",24-Mar-2023,10-Apr-2023 08:30 (GMT 0.00),ungm,True,Myanmar,Invitation to bid,ITB/2023/46111,
https://www.ungm.org/Public/Notice/195833,25/03/2023,PROVISION OF PLANT & EQUIPMENT MAINTENANCE AND REPAIR AND OPERATION SERVICES IN SOMALIA,24-Mar-2023,31-Mar-2023 00:00 (GMT 0.00),ungm,False,Somalia,Request for EOI,EOIGPSS21016,
https://www.ungm.org/Public/Notice/195830,25/03/2023,PROVISION AND MAINTENANCE OF CASH REGISTER SOFTWARE (HBA-R5)----------------------------------- ...,24-Mar-2023,07-Apr-2023 00:00 (GMT 0.00),ungm,False,Mali,Request for EOI,EOIMINUSMA21014,
https://www.ungm.org/Public/Notice/195838,25/03/2023,Transportation of personal belongings and relocation services,24-Mar-2023,27-Apr-2023 16:30 (GMT 1.00),ungm,False,Switzerland,Request for proposal,rfx_203,
https://www.ungm.org/Public/Notice/195825,25/03/2023,"SUPPLY AND DELIVERY OF WELDED WIRE MESH SHEETS TO FAO WAREHOUSE IN BULAWAYO, ZIMBABWE",24-Mar-2023,31-Mar-2023 11:00 (GMT 2.00),ungm,False,Zimbabwe,Request for quotation,2023/FRZIM/FRZIM/121362,
https://www.ungm.org/Public/Notice/195821,25/03/2023,"Matériels, équipements, fournitures et mobiliers pour la collecte et lâanalyse des données.",24-Mar-2023,05-Apr-2023 11:00 (GMT 1.00),ungm,False,Chad,Invitation to bid,2023/FRCHD/FRCHD/121363,
https://jobs.giz.de/index.php?ac=jobad&id=66475,26/03/2023,Spezialist*in Information Security Incident Management,2023-03-09,2023-04-02,GIZ,False,Eschborn,,,
https://jobs.giz.de/index.php?ac=jobad&id=66228,26/03/2023,Berater*in für Prozessmanagement Digitale Transformation und IT Solutions (DIGITS),2023-03-08,2023-04-09,GIZ,False,Eschborn,,,
https://jobs.giz.de/index.php?ac=jobad&id=66464,26/03/2023,Advisor (m/f/d) Infrastructure and Sustainable Finance,2023-03-09,2023-04-12,GIZ,False,Bonn,,,
https://jobs.giz.de/index.php?ac=jobad&id=66437,26/03/2023,Advisor (m/f/d) on Global Textiles Transparency Project,2023-03-07,2023-04-06,GIZ,False,Berlin,,,
https://jobs.giz.de/index.php?ac=jobad&id=66441,26/03/2023,Sachbearbeiter*in Finanzen,2023-03-07,2023-04-06,GIZ,False,Eschborn,,,
https://jobs.giz.de/index.php?ac=jobad&id=64523,26/03/2023,Fachkraft (m/w/d) für den Zivilen Friedensdienst (ZFD) für Multimediakommunikation,2023-03-06,2023-03-27,GIZ,False,Guatemala Stadt,,,
https://jobs.giz.de/index.php?ac=jobad&id=66407,26/03/2023,Teamleader (m/f/d) Güterbeschaffung - GIZ International Services,2023-03-06,2023-03-27,GIZ,False,Eschborn,,,
https://jobs.giz.de/index.php?ac=jobad&id=66173,26/03/2023,Entwicklungshelfer*in im Programm „Fachkräftefonds für kommunale Partnerschaften weltweit“,2023-03-03,2023-04-02,GIZ,False,Zanzibar City,,,
https://jobs.giz.de/index.php?ac=jobad&id=66383,26/03/2023,Project Manager (m/f/d) Cobalt for Development and Extractives – GIZ International Services,2023-03-03,2023-04-02,GIZ,True,Eschborn,,,
https://jobs.giz.de/index.php?ac=jobad&id=66357,26/03/2023,Berater*in für digitale Flagship-Vorhaben,2023-03-02,2023-04-02,GIZ,False,Bonn,,,
https://jobs.giz.de/index.php?ac=jobad&id=66358,26/03/2023,Advisor (f/m/d) for digital flagship projects,2023-03-02,2023-04-02,GIZ,False,Bonn,,,
https://jobs.giz.de/index.php?ac=jobad&id=66351,26/03/2023,Praktikant*in der Akademie für Internationale Zusammenarbeit (AIZ),2023-03-02,2023-12-31,GIZ,False,Bonn,,,
https://jobs.giz.de/index.php?ac=jobad&id=65258,26/03/2023,Studierende (m/w/d) Facility Management an der DHBW Stuttgart für 2023,2023-03-01,2023-04-02,GIZ,False,Bonn,,,
https://jobs.giz.de/index.php?ac=jobad&id=66325,26/03/2023,(Junior-) Vertragsmanager*in für die Beschaffung von Dienstleistungen,2023-03-01,2023-05-31,GIZ,False,Eschborn,,,
https://jobs.giz.de/index.php?ac=jobad&id=62679,26/03/2023,"Fachkraft für den Zivilen Friedensdienst (ZFD) für Planung, Monitoring und Evaluierung (PM&E)",2023-02-28,2023-03-28,GIZ,False,Erbil,,,
https://jobs.giz.de/index.php?ac=jobad&id=66308,26/03/2023,Specialist (m/f/d) Digitalization,2023-02-28,2023-04-02,GIZ,False,Bonn,,,
https://jobs.giz.de/index.php?ac=jobad&id=66288,26/03/2023,Syndikusrechtsanwalt*anwältin in der Stabsstelle Recht,2023-02-28,2023-03-29,GIZ,False,Eschborn,,,
https://jobs.giz.de/index.php?ac=jobad&id=66270,26/03/2023,Berater*in Spezialisierung Talent Management System,2023-02-27,2023-03-27,GIZ,False,Eschborn,,,
https://jobs.giz.de/index.php?ac=jobad&id=66276,26/03/2023,IT-Berater*in in der Gruppe Datenschutzmanagement,2023-02-27,2023-04-02,GIZ,False,Eschborn,,,
https://jobs.giz.de/index.php?ac=jobad&id=66256,26/03/2023,Praktikant*in in der Kommunikationsberatung,2023-02-24,2023-03-29,GIZ,False,Bonn,,,
https://jobs.giz.de/index.php?ac=jobad&id=66207,26/03/2023,Spezialist*in Digitalisierung,2023-02-22,2023-04-02,GIZ,False,Bonn,,,
https://jobs.giz.de/index.php?ac=jobad&id=37291,26/03/2023,Entwicklungshelfer*innen als Digital Ambassadors,2023-02-20,2024-01-31,GIZ,False,Mehrere Standorte,,,
https://jobs.giz.de/index.php?ac=jobad&id=37561,26/03/2023,Development workers (m/f/d) as Digital Ambassadors,2023-02-20,2024-01-31,GIZ,False,Mehrere Standorte,,,
https://jobs.giz.de/index.php?ac=jobad&id=66073,26/03/2023,Vertragssachbearbeiter*in für die Beschaffung von Dienstleistungen,2023-02-20,2023-05-20,GIZ,False,Eschborn,,,
https://jobs.giz.de/index.php?ac=jobad&id=63865,26/03/2023,Rechtsreferendar*in für die Wahlstation mit Schwerpunkt Verwaltungsrecht,2023-02-20,2023-12-31,GIZ,False,Berlin,,,
https://jobs.giz.de/index.php?ac=jobad&id=66015,26/03/2023,Praktikant*in in der Gruppe Informationssicherheitsmanagement,2023-02-13,2023-08-12,GIZ,False,Eschborn,,,
https://jobs.giz.de/index.php?ac=jobad&id=60024,26/03/2023,Rechtsreferendar*in im Vorhaben Governance,2023-01-29,2023-12-31,GIZ,False,Bonn,,,
https://jobs.giz.de/index.php?ac=jobad&id=53452,26/03/2023,Rechtsreferendar*in in der Stabsstelle Recht und Versicherung,2023-01-25,2023-12-31,GIZ,False,Eschborn,,,
https://jobs.giz.de/index.php?ac=jobad&id=64202,26/03/2023,Rechtsreferendar*in Antikorruption und Integrität,2022-10-28,2025-12-31,GIZ,False,Bonn,,,
https://jobs.giz.de/index.php?ac=jobad&id=62861,26/03/2023,Referendar*in für die CONNEX Support Unit,2022-08-01,2023-08-30,GIZ,False,Bonn,,,
https://www.ungm.org/Public/Notice/192740,26/03/2023,RFI- For CSO/NGO Roster,26-Mar-2023,06-Apr-2023 07:30 (GMT -4.00),ungm,False,Afghanistan,Grant support-call for proposal,"UNDP-AFG-00102,2",
https://www.ungm.org/Public/Notice/193063,26/03/2023,Borehole Drilling For Baidoa Prison,26-Mar-2023,04-Apr-2023 02:10 (GMT -4.00),ungm,False,Somalia,Invitation to bid,"UNDP-SOM-00061,1",
https://www.ungm.org/Public/Notice/194720,26/03/2023,Rehabilitation of Al-Sikak bridge in Baiji- Salahuddin governorate,26-Mar-2023,05-Apr-2023 04:00 (GMT -4.00),ungm,False,Iraq,Invitation to bid,"UNDP-IRQ-00349,2",
https://www.ungm.org/Public/Notice/194984,26/03/2023,LBN/CO/RFP/76/23-Baseline and Masterplan for Slaughterhouse waste,26-Mar-2023,06-Apr-2023 08:00 (GMT -4.00),ungm,False,Lebanon,Request for proposal,UNDP-LBN-00151,
https://www.ungm.org/Public/Notice/195882,26/03/2023,National Consultant - Study Coordinator (IBBSS&PSE) in Egypt.,26-Mar-2023,07-Apr-2023 08:00 (GMT -4.00),ungm,False,Egypt,Individual consultant,UNDP-EGY-00042-2,
https://www.ungm.org/Public/Notice/195885,26/03/2023,"(RETENDER) RFQ-021 for Supply, Delivery and Installation of ICT Equipment for Registration Center in Bahirka, Erbil, Iraq",26-Mar-2023,09-Apr-2023 14:00 (GMT 3.00),ungm,False,Iraq,Request for quotation,HCR/IRQER/2023/RFQ-021,
https://www.ungm.org/Public/Notice/195892,26/03/2023,Supply and Delivery of IT Equipment,26-Mar-2023,04-Apr-2023 16:00 (GMT 3.00),ungm,False,Iraq,Request for quotation,3200030932,
https://www.ungm.org/Public/Notice/195893,26/03/2023,"Renovation of Women Empowerment Centre in Unity State Hospital, Bentiu",26-Mar-2023,07-Apr-2023 05:00 (GMT -4.00),ungm,False,South Sudan,Invitation to bid,UNW-SSD-2023-00005,
https://www.ungm.org/Public/Notice/195894,26/03/2023,"Renovation of Women Empowerment Centre in Mangalla, Juba",26-Mar-2023,07-Apr-2023 05:00 (GMT -4.00),ungm,False,South Sudan,Invitation to bid,UNW-SSD-2023-00006,
https://www.ungm.org/Public/Notice/195895,26/03/2023,RFP-097-23 Electrical Training- Capacity building Project for Kirkuk Governorat,26-Mar-2023,10-Apr-2023 07:00 (GMT -4.00),ungm,False,Iraq,Request for proposal,UNDP-IRQ-00365,
https://www.ungm.org/Public/Notice/195898,26/03/2023,Cartographie des données et métriques de lâadaptation au changement climatique,26-Mar-2023,11-Apr-2023 11:45 (GMT -4.00),ungm,False,Morocco,Request for quotation,UNDP-MAR-00047,
https://www.ungm.org/Public/Notice/195899,26/03/2023,Consultant.e afin de faciliter l accès à l assistance juridique et aux alternati,26-Mar-2023,10-Apr-2023 11:00 (GMT -4.00),ungm,False,Morocco,Individual consultant,UNDP-MAR-00048,
https://www.ungm.org/Public/Notice/195900,26/03/2023,TDR - Assistance Technique dans la mise en Åuvre des projets et programmes de dé,26-Mar-2023,09-Apr-2023 11:00 (GMT -4.00),ungm,False,Morocco,Request for quotation,UNDP-MAR-00049,
https://www.ungm.org/Public/Notice/195901,26/03/2023,Renovation of 5 medical houses in Penjikent area of Sogd oblast (5 LOTS),26-Mar-2023,10-Apr-2023 03:00 (GMT -4.00),ungm,False,Tajikistan,Request for quotation,UNDP-TJK-00072,
https://www.ungm.org/Public/Notice/195902,26/03/2023,Programme Advisor,26-Mar-2023,05-Apr-2023 00:00 (GMT -4.00),ungm,False,Multiple destinations,Request for proposal,111798,
https://www.ungm.org/Public/Notice/194336,26/03/2023,Senior Expert on Trafficking in Persons (TiP) in the GCC Region (Research & Trai,26-Mar-2023,02-Apr-2023 06:00 (GMT -4.00),ungm,False,United Arab Emirates,Individual consultant,UNDP-R47-00016,
https://www.ungm.org/Public/Notice/194340,26/03/2023,"âSupply, delivery and installation of Solar Street Lights in Shagrab Camp",26-Mar-2023,03-Apr-2023 20:00 (GMT -4.00),ungm,False,Sudan,Request for quotation,"UNDP-SDN-00066,2",
https://www.ungm.org/Public/Notice/194389,26/03/2023,"ÐÑÐµÐ½ÐºÐ° ÐºÐ°ÑÐµÑÑÐ²Ð° Ð¾ÐºÐ°Ð·Ð°Ð½Ð¸Ñ Ð³Ð¾ÑÑÐ´Ð°ÑÑÑÐ²ÐµÐ½Ð½ÑÑ ÑÑÐ»ÑÐ³, Ð¾ÐºÐ°Ð·ÑÐ²Ð°ÐµÐ¼ÑÑ ÑÐµÑÐµÐ· Ð¦ÐÐ£",26-Mar-2023,31-Mar-2023 02:15 (GMT -4.00),ungm,False,Uzbekistan,Request for proposal,UNDP-UZB-00059,
https://www.ungm.org/Public/Notice/194523,26/03/2023,Solution de Gestion numérique des pharmacies dâofficine,26-Mar-2023,27-Mar-2023 23:55 (GMT -4.00),ungm,False,Algeria,Request for quotation,UNDP-DZA-00063,
https://www.ungm.org/Public/Notice/194618,26/03/2023,International Consultant: Development of a Project Identification Form (PIF) on,26-Mar-2023,30-Mar-2023 12:00 (GMT -4.00),ungm,False,Jordan,Individual consultant,"UNDP-JOR-00042,1",
https://www.ungm.org/Public/Notice/194621,26/03/2023,Pak-HIV-UNDP-IC-2023-010-Sindh HIV Sentinel Sites Surveillance Support Consultan,26-Mar-2023,30-Mar-2023 03:00 (GMT -4.00),ungm,False,Pakistan,Individual consultant,UNDP-PAK-00150,
https://www.ungm.org/Public/Notice/194622,26/03/2023,Pak-HIV-UNDP-IC-2023-011-Quality Assurance Lead  Consultant for IBBS,26-Mar-2023,30-Mar-2023 10:28 (GMT -4.00),ungm,False,Pakistan,Individual consultant,UNDP-PAK-00151,
https://www.ungm.org/Public/Notice/194623,26/03/2023,Pak-HIV-UNDP-IC-2023-012-IBBS Surveillance Coordinator Consultant,26-Mar-2023,30-Mar-2023 13:07 (GMT -4.00),ungm,False,Pakistan,Individual consultant,UNDP-PAK-00152,
https://www.ungm.org/Public/Notice/195011,26/03/2023,Senior Criminal Justice Expert on Trafficking in Persons (TiP) in the GCC Region,26-Mar-2023,02-Apr-2023 07:00 (GMT -4.00),ungm,False,United Arab Emirates,Individual consultant,UNDP-R47-00017,
https://www.ungm.org/Public/Notice/195013,26/03/2023,Purchasing Laptops and related accessories to Regional Hub office -Amman,26-Mar-2023,28-Mar-2023 03:00 (GMT -4.00),ungm,False,Jordan,Request for quotation,UNDP-R47-00018,
https://www.ungm.org/Public/Notice/195886,26/03/2023,Recrutement d un consultant national pour l évaluation final  du projet Capdel,26-Mar-2023,27-Mar-2023 23:43 (GMT -4.00),ungm,False,Algeria,Individual consultant,UNDP-DZA-00065-2,
https://www.ungm.org/Public/Notice/195866,26/03/2023,UNJP/PHI/075/UNJ AND OSRO/RAS/002/USA - PROCUREMENT OF IT EQUIPMENT UNDER PR 7102319 AND PR 7102401,25-Mar-2023,30-Mar-2023 22:00 (GMT 8.00),ungm,False,Philippines,Invitation to bid,2023/FAPHI/FAPHI/121215,
https://www.ungm.org/Public/Notice/195862,26/03/2023,"SDC-009-2023 âADQUISICION E INSTALACION DE MOBILIARIOS""",25-Mar-2023,11-Apr-2023 18:00 (GMT -4.00),ungm,False,Dominican Republic,Request for quotation,UNDP-DOM-00037,
https://www.ungm.org/Public/Notice/195863,26/03/2023,Long term agreement: Provision of Conference and Accommodation Services in Juba,25-Mar-2023,10-Apr-2023 07:00 (GMT -4.00),ungm,False,South Sudan,Invitation to bid,"UNDP-SSD-00021,1",
https://www.ungm.org/Public/Notice/195873,26/03/2023,Individual Consultant to conduct an assessment Pharmacy Voucher,25-Mar-2023,07-Apr-2023 07:01 (GMT -4.00),ungm,False,Pakistan,Individual consultant,UNDP-PAK-00187,
https://jobs.unops.org/Pages/ViewVacancy/VADetails.aspx?id=25729,26/03/2023,Urban Specialist (Retainer),26-Mar-2023,09-Apr-2023,unops,False,"Beirut, Lebanon",,,
https://jobs.unops.org/Pages/ViewVacancy/VADetails.aspx?id=25735,26/03/2023,Project Analyst  Knowledge Management,26-Mar-2023,09-Apr-2023,unops,False,"Riyadh, Saudi Arabia",,,
https://jobs.unops.org/Pages/ViewVacancy/VADetails.aspx?id=25736,26/03/2023,Project Analyst  Knowledge Management,26-Mar-2023,09-Apr-2023,unops,False,Home based,,,
https://www.ungm.org/Public/Notice/195888,26/03/2023,"ITB# 121369 Warehouse facilities and manpower in Kabul, Mazar-i-Sharif (Balkh), Jalalabad (Nangarhar), Kandahar, Kunduz, Gardiz (Paktia) and Bamyan provinces (centers)",26-Mar-2023,09-Apr-2023 23:59 (GMT 4.30),ungm,False,Afghanistan,Invitation to bid,2023/FAAFG/FAAFG/121369,
https://www.ungm.org/Public/Notice/195884,26/03/2023,Construction of Underground Mazout Tank 2023 at PLD with Earthing Network,26-Mar-2023,10-Apr-2023 13:00 (GMT 3.00),ungm,False,Syrian Arab Republic,Invitation to bid,ITB # PLD-CW-44-23-08  / HA,
https://www.ungm.org/Public/Notice/195890,26/03/2023,Purchase of Water Tank 1000 litre,26-Mar-2023,05-Apr-2023 14:00 (GMT 3.00),ungm,False,Yemen,Request for quotation,LRFQ-2023-9181725,
https://www.ungm.org/Public/Notice/194269,26/03/2023,Provision of Clearance and Transportation Services for UNRWA Jordan,26-Mar-2023,02-Apr-2023 13:00 (GMT 3.00),ungm,False,Jordan,Invitation to bid,ITBS-3323000001-AK,
https://www.ungm.org/Public/Notice/195881,26/03/2023,Purchasing Spare Part,26-Mar-2023,26-Mar-2023 13:00 (GMT 2.00),ungm,False,Syrian Arab Republic,Request for quotation,âRFQ-SFO-NFI-23-18â / OSH,
https://www.ungm.org/Public/Notice/195889,26/03/2023,"Supply and Delivery of Water Laboratory Equipment for Red Sea Water Corporation, Port-Sudan City, Red Sea State, Sudan.",26-Mar-2023,02-Apr-2023 10:00 (GMT 0.00),ungm,False,Sudan,Request for quotation,RFQ/2023/46207,
https://www.ungm.org/Public/Notice/195879,26/03/2023,Spare parts,26-Mar-2023,30-Mar-2023 12:00 (GMT 2.00),ungm,False,Syrian Arab Republic,Request for quotation,RFQ-SFO-NFI-23-18/O Sh,
https://www.ungm.org/Public/Notice/195887,26/03/2023,Purchase of Indoor Cleaning Kit for MOE Schools in Aden and Lahj,26-Mar-2023,05-Apr-2023 14:00 (GMT 3.00),ungm,False,Yemen,Request for quotation,LRFQ-2023-9181724,
https://www.ungm.org/Public/Notice/195877,26/03/2023,Supply of Furniture for UNRWA Schools for eligible suppliers from Palestinian territories (Gaza & WB) & Egypt are eligible to participate in this proposal process.,26-Mar-2023,10-Apr-2023 12:00 (GMT 3.00),ungm,False,"Palestine, State of",Invitation to bid,U22G-08-2023,
https://www.ungm.org/Public/Notice/195876,26/03/2023,Expression of Interest for Developing Capacities for project/Program Management (PM) in FAO Project Cycle,26-Mar-2023,14-Apr-2023 15:00 (GMT 2.00),ungm,False,Egypt,Request for EOI,2023/RNEXD/RNEXD/121328,
https://www.ungm.org/Public/Notice/195875,26/03/2023,"Request for Quotation (RFQ) for Procurement of Recovery Trucks for UNOPS Mogadishu ,Somalia.",26-Mar-2023,14-Apr-2023 09:00 (GMT 0.00),ungm,False,Somalia,Request for quotation,RFQ/2023/45810,
https://www.ungm.org/Public/Notice/195540,26/03/2023,RFP-124-23-Biomedical Engineering & Healthcare Management - Ninewa Governorate -,26-Mar-2023,23-Apr-2023 07:00 (GMT -4.00),ungm,False,Iraq,Request for proposal,"UNDP-IRQ-00362,3",
https://www.ungm.org/Public/Notice/195891,26/03/2023,Strengthening the capacity of municipality staff to provide basic and social ser,26-Mar-2023,15-Apr-2023 08:00 (GMT -4.00),ungm,False,Libya,Request for proposal,UNDP-LBY-00072,
https://www.ungm.org/Public/Notice/195896,26/03/2023,"Renovation & construction of health facilities, Offices and WASH facilities",26-Mar-2023,27-Apr-2023 06:00 (GMT -4.00),ungm,True,Sudan,Invitation to bid,UNDP-SDN-00088,
https://www.ungm.org/Public/Notice/195897,26/03/2023,Request for Quotation for Software Development,26-Mar-2023,14-Apr-2023 17:00 (GMT -4.00),ungm,False,Zambia,Request for quotation,UNDP-ZMB-00073,
